file,line,type,commit,author,date,time,timezone,datetime,depth,length
style.css,1,css,04ddceda,derrickdollesin,2025-05-16,13:28:56,-07:00,2025-05-16T13:28:56-07:00,0,4
style.css,2,css,04ddceda,derrickdollesin,2025-05-16,13:28:56,-07:00,2025-05-16T13:28:56-07:00,2,34
style.css,3,css,04ddceda,derrickdollesin,2025-05-16,13:28:56,-07:00,2025-05-16T13:28:56-07:00,2,32
style.css,4,css,0da51a61,derrickdollesin,2025-05-19,22:55:54,-07:00,2025-05-19T22:55:54-07:00,2,33
style.css,5,css,04ddceda,derrickdollesin,2025-05-16,13:28:56,-07:00,2025-05-16T13:28:56-07:00,0,0
style.css,6,css,04ddceda,derrickdollesin,2025-05-16,13:28:56,-07:00,2025-05-16T13:28:56-07:00,0,0
style.css,7,css,2045081d,derrickdollesin,2025-05-16,12:25:45,-07:00,2025-05-16T12:25:45-07:00,0,4
style.css,8,css,2045081d,derrickdollesin,2025-05-16,12:25:45,-07:00,2025-05-16T12:25:45-07:00,2,15
style.css,9,css,2045081d,derrickdollesin,2025-05-16,12:25:45,-07:00,2025-05-16T12:25:45-07:00,2,42
style.css,10,css,04ddceda,derrickdollesin,2025-05-16,13:28:56,-07:00,2025-05-16T13:28:56-07:00,0,0
style.css,11,css,04ddceda,derrickdollesin,2025-05-16,13:28:56,-07:00,2025-05-16T13:28:56-07:00,0,0
style.css,12,css,04ddceda,derrickdollesin,2025-05-16,13:28:56,-07:00,2025-05-16T13:28:56-07:00,0,11
style.css,13,css,04ddceda,derrickdollesin,2025-05-16,13:28:56,-07:00,2025-05-16T13:28:56-07:00,0,3
style.css,14,css,04ddceda,derrickdollesin,2025-05-16,13:28:56,-07:00,2025-05-16T13:28:56-07:00,2,12
style.css,15,css,04ddceda,derrickdollesin,2025-05-16,13:28:56,-07:00,2025-05-16T13:28:56-07:00,2,19
style.css,16,css,04ddceda,derrickdollesin,2025-05-16,13:28:56,-07:00,2025-05-16T13:28:56-07:00,2,23
style.css,17,css,04ddceda,derrickdollesin,2025-05-16,13:28:56,-07:00,2025-05-16T13:28:56-07:00,2,25
style.css,18,css,04ddceda,derrickdollesin,2025-05-16,13:28:56,-07:00,2025-05-16T13:28:56-07:00,2,37
style.css,19,css,04ddceda,derrickdollesin,2025-05-16,13:28:56,-07:00,2025-05-16T13:28:56-07:00,0,0
style.css,20,css,04ddceda,derrickdollesin,2025-05-16,13:28:56,-07:00,2025-05-16T13:28:56-07:00,0,0
style.css,21,css,04ddceda,derrickdollesin,2025-05-16,13:28:56,-07:00,2025-05-16T13:28:56-07:00,0,1
style.css,22,css,04ddceda,derrickdollesin,2025-05-16,13:28:56,-07:00,2025-05-16T13:28:56-07:00,2,6
style.css,23,css,04ddceda,derrickdollesin,2025-05-16,13:28:56,-07:00,2025-05-16T13:28:56-07:00,2,20
style.css,24,css,04ddceda,derrickdollesin,2025-05-16,13:28:56,-07:00,2025-05-16T13:28:56-07:00,2,13
style.css,25,css,04ddceda,derrickdollesin,2025-05-16,13:28:56,-07:00,2025-05-16T13:28:56-07:00,2,17
style.css,26,css,04ddceda,derrickdollesin,2025-05-16,13:28:56,-07:00,2025-05-16T13:28:56-07:00,2,13
style.css,27,css,04ddceda,derrickdollesin,2025-05-16,13:28:56,-07:00,2025-05-16T13:28:56-07:00,0,0
style.css,28,css,04ddceda,derrickdollesin,2025-05-16,13:28:56,-07:00,2025-05-16T13:28:56-07:00,0,0
style.css,29,css,04ddceda,derrickdollesin,2025-05-16,13:28:56,-07:00,2025-05-16T13:28:56-07:00,0,9
style.css,30,css,04ddceda,derrickdollesin,2025-05-16,13:28:56,-07:00,2025-05-16T13:28:56-07:00,2,26
style.css,31,css,04ddceda,derrickdollesin,2025-05-16,13:28:56,-07:00,2025-05-16T13:28:56-07:00,2,25
style.css,32,css,04ddceda,derrickdollesin,2025-05-16,13:28:56,-07:00,2025-05-16T13:28:56-07:00,2,17
style.css,33,css,04ddceda,derrickdollesin,2025-05-16,13:28:56,-07:00,2025-05-16T13:28:56-07:00,2,37
style.css,34,css,04ddceda,derrickdollesin,2025-05-16,13:28:56,-07:00,2025-05-16T13:28:56-07:00,0,0
style.css,35,css,04ddceda,derrickdollesin,2025-05-16,13:28:56,-07:00,2025-05-16T13:28:56-07:00,0,0
style.css,36,css,04ddceda,derrickdollesin,2025-05-16,13:28:56,-07:00,2025-05-16T13:28:56-07:00,0,7
style.css,37,css,04ddceda,derrickdollesin,2025-05-16,13:28:56,-07:00,2025-05-16T13:28:56-07:00,2,26
style.css,38,css,04ddceda,derrickdollesin,2025-05-16,13:28:56,-07:00,2025-05-16T13:28:56-07:00,2,25
style.css,39,css,04ddceda,derrickdollesin,2025-05-16,13:28:56,-07:00,2025-05-16T13:28:56-07:00,2,17
style.css,40,css,04ddceda,derrickdollesin,2025-05-16,13:28:56,-07:00,2025-05-16T13:28:56-07:00,2,39
style.css,41,css,04ddceda,derrickdollesin,2025-05-16,13:28:56,-07:00,2025-05-16T13:28:56-07:00,2,56
style.css,42,css,04ddceda,derrickdollesin,2025-05-16,13:28:56,-07:00,2025-05-16T13:28:56-07:00,0,0
style.css,43,css,04ddceda,derrickdollesin,2025-05-16,13:28:56,-07:00,2025-05-16T13:28:56-07:00,0,0
style.css,44,css,04ddceda,derrickdollesin,2025-05-16,13:28:56,-07:00,2025-05-16T13:28:56-07:00,0,16
style.css,45,css,04ddceda,derrickdollesin,2025-05-16,13:28:56,-07:00,2025-05-16T13:28:56-07:00,0,0
style.css,46,css,04ddceda,derrickdollesin,2025-05-16,13:28:56,-07:00,2025-05-16T13:28:56-07:00,0,4
style.css,47,css,04ddceda,derrickdollesin,2025-05-16,13:28:56,-07:00,2025-05-16T13:28:56-07:00,2,12
style.css,48,css,04ddceda,derrickdollesin,2025-05-16,13:28:56,-07:00,2025-05-16T13:28:56-07:00,2,30
style.css,49,css,04ddceda,derrickdollesin,2025-05-16,13:28:56,-07:00,2025-05-16T13:28:56-07:00,2,7
style.css,50,css,04ddceda,derrickdollesin,2025-05-16,13:28:56,-07:00,2025-05-16T13:28:56-07:00,0,0
style.css,51,css,04ddceda,derrickdollesin,2025-05-16,13:28:56,-07:00,2025-05-16T13:28:56-07:00,0,0
style.css,52,css,04ddceda,derrickdollesin,2025-05-16,13:28:56,-07:00,2025-05-16T13:28:56-07:00,0,5
style.css,53,css,04ddceda,derrickdollesin,2025-05-16,13:28:56,-07:00,2025-05-16T13:28:56-07:00,2,12
style.css,54,css,04ddceda,derrickdollesin,2025-05-16,13:28:56,-07:00,2025-05-16T13:28:56-07:00,2,29
style.css,55,css,04ddceda,derrickdollesin,2025-05-16,13:28:56,-07:00,2025-05-16T13:28:56-07:00,0,0
style.css,56,css,04ddceda,derrickdollesin,2025-05-16,13:28:56,-07:00,2025-05-16T13:28:56-07:00,0,0
style.css,57,css,04ddceda,derrickdollesin,2025-05-16,13:28:56,-07:00,2025-05-16T13:28:56-07:00,0,13
style.css,58,css,04ddceda,derrickdollesin,2025-05-16,13:28:56,-07:00,2025-05-16T13:28:56-07:00,2,18
style.css,59,css,04ddceda,derrickdollesin,2025-05-16,13:28:56,-07:00,2025-05-16T13:28:56-07:00,0,0
style.css,60,css,04ddceda,derrickdollesin,2025-05-16,13:28:56,-07:00,2025-05-16T13:28:56-07:00,0,0
style.css,61,css,d7ec75df,derrickdollesin,2025-05-19,13:45:48,-07:00,2025-05-19T13:45:48-07:00,0,31
style.css,62,css,04ddceda,derrickdollesin,2025-05-16,13:28:56,-07:00,2025-05-16T13:28:56-07:00,2,12
style.css,63,css,04ddceda,derrickdollesin,2025-05-16,13:28:56,-07:00,2025-05-16T13:28:56-07:00,0,0
style.css,64,css,04ddceda,derrickdollesin,2025-05-16,13:28:56,-07:00,2025-05-16T13:28:56-07:00,0,0
style.css,65,css,04ddceda,derrickdollesin,2025-05-16,13:28:56,-07:00,2025-05-16T13:28:56-07:00,0,17
style.css,66,css,04ddceda,derrickdollesin,2025-05-16,13:28:56,-07:00,2025-05-16T13:28:56-07:00,0,0
style.css,67,css,04ddceda,derrickdollesin,2025-05-16,13:28:56,-07:00,2025-05-16T13:28:56-07:00,0,9
style.css,68,css,04ddceda,derrickdollesin,2025-05-16,13:28:56,-07:00,2025-05-16T13:28:56-07:00,2,12
style.css,69,css,04ddceda,derrickdollesin,2025-05-16,13:28:56,-07:00,2025-05-16T13:28:56-07:00,2,58
style.css,70,css,04ddceda,derrickdollesin,2025-05-16,13:28:56,-07:00,2025-05-16T13:28:56-07:00,2,7
style.css,71,css,04ddceda,derrickdollesin,2025-05-16,13:28:56,-07:00,2025-05-16T13:28:56-07:00,0,0
style.css,72,css,04ddceda,derrickdollesin,2025-05-16,13:28:56,-07:00,2025-05-16T13:28:56-07:00,0,0
style.css,73,css,04ddceda,derrickdollesin,2025-05-16,13:28:56,-07:00,2025-05-16T13:28:56-07:00,0,7
style.css,74,css,04ddceda,derrickdollesin,2025-05-16,13:28:56,-07:00,2025-05-16T13:28:56-07:00,2,12
style.css,75,css,04ddceda,derrickdollesin,2025-05-16,13:28:56,-07:00,2025-05-16T13:28:56-07:00,2,26
style.css,76,css,b5bb2fba,derrickdollesin,2025-05-29,00:33:51,-07:00,2025-05-29T00:33:51-07:00,2,15
style.css,77,css,04ddceda,derrickdollesin,2025-05-16,13:28:56,-07:00,2025-05-16T13:28:56-07:00,0,0
style.css,78,css,04ddceda,derrickdollesin,2025-05-16,13:28:56,-07:00,2025-05-16T13:28:56-07:00,0,0
style.css,79,css,04ddceda,derrickdollesin,2025-05-16,13:28:56,-07:00,2025-05-16T13:28:56-07:00,0,2
style.css,80,css,04ddceda,derrickdollesin,2025-05-16,13:28:56,-07:00,2025-05-16T13:28:56-07:00,2,8
style.css,81,css,b5bb2fba,derrickdollesin,2025-05-29,00:33:51,-07:00,2025-05-29T00:33:51-07:00,2,17
style.css,82,css,04ddceda,derrickdollesin,2025-05-16,13:28:56,-07:00,2025-05-16T13:28:56-07:00,0,0
style.css,83,css,04ddceda,derrickdollesin,2025-05-16,13:28:56,-07:00,2025-05-16T13:28:56-07:00,0,0
style.css,84,css,04ddceda,derrickdollesin,2025-05-16,13:28:56,-07:00,2025-05-16T13:28:56-07:00,0,22
style.css,85,css,04ddceda,derrickdollesin,2025-05-16,13:28:56,-07:00,2025-05-16T13:28:56-07:00,2,15
style.css,86,css,04ddceda,derrickdollesin,2025-05-16,13:28:56,-07:00,2025-05-16T13:28:56-07:00,2,17
style.css,87,css,04ddceda,derrickdollesin,2025-05-16,13:28:56,-07:00,2025-05-16T13:28:56-07:00,0,0
style.css,88,css,04ddceda,derrickdollesin,2025-05-16,13:28:56,-07:00,2025-05-16T13:28:56-07:00,0,0
style.css,89,css,b5bb2fba,derrickdollesin,2025-05-29,00:33:51,-07:00,2025-05-29T00:33:51-07:00,0,10
style.css,90,css,b5bb2fba,derrickdollesin,2025-05-29,00:33:51,-07:00,2025-05-29T00:33:51-07:00,2,12
style.css,91,css,b5bb2fba,derrickdollesin,2025-05-29,00:33:51,-07:00,2025-05-29T00:33:51-07:00,2,18
style.css,92,css,b5bb2fba,derrickdollesin,2025-05-29,00:33:51,-07:00,2025-05-29T00:33:51-07:00,2,7
style.css,93,css,b5bb2fba,derrickdollesin,2025-05-29,00:33:51,-07:00,2025-05-29T00:33:51-07:00,0,0
style.css,94,css,b5bb2fba,derrickdollesin,2025-05-29,00:33:51,-07:00,2025-05-29T00:33:51-07:00,0,0
style.css,95,css,b5bb2fba,derrickdollesin,2025-05-29,00:33:51,-07:00,2025-05-29T00:33:51-07:00,0,10
style.css,96,css,b5bb2fba,derrickdollesin,2025-05-29,00:33:51,-07:00,2025-05-29T00:33:51-07:00,2,12
style.css,97,css,b5bb2fba,derrickdollesin,2025-05-29,00:33:51,-07:00,2025-05-29T00:33:51-07:00,2,10
style.css,98,css,b5bb2fba,derrickdollesin,2025-05-29,00:33:51,-07:00,2025-05-29T00:33:51-07:00,2,13
style.css,99,css,b5bb2fba,derrickdollesin,2025-05-29,00:33:51,-07:00,2025-05-29T00:33:51-07:00,2,18
style.css,100,css,b5bb2fba,derrickdollesin,2025-05-29,00:33:51,-07:00,2025-05-29T00:33:51-07:00,2,21
style.css,101,css,b5bb2fba,derrickdollesin,2025-05-29,00:33:51,-07:00,2025-05-29T00:33:51-07:00,2,13
style.css,102,css,b5bb2fba,derrickdollesin,2025-05-29,00:33:51,-07:00,2025-05-29T00:33:51-07:00,0,0
style.css,103,css,b5bb2fba,derrickdollesin,2025-05-29,00:33:51,-07:00,2025-05-29T00:33:51-07:00,0,0
style.css,104,css,b5bb2fba,derrickdollesin,2025-05-29,00:33:51,-07:00,2025-05-29T00:33:51-07:00,0,16
style.css,105,css,b5bb2fba,derrickdollesin,2025-05-29,00:33:51,-07:00,2025-05-29T00:33:51-07:00,2,12
style.css,106,css,b5bb2fba,derrickdollesin,2025-05-29,00:33:51,-07:00,2025-05-29T00:33:51-07:00,2,9
style.css,107,css,b5bb2fba,derrickdollesin,2025-05-29,00:33:51,-07:00,2025-05-29T00:33:51-07:00,2,14
style.css,108,css,b5bb2fba,derrickdollesin,2025-05-29,00:33:51,-07:00,2025-05-29T00:33:51-07:00,2,60
style.css,109,css,b5bb2fba,derrickdollesin,2025-05-29,00:33:51,-07:00,2025-05-29T00:33:51-07:00,0,0
style.css,110,css,b5bb2fba,derrickdollesin,2025-05-29,00:33:51,-07:00,2025-05-29T00:33:51-07:00,0,0
style.css,111,css,b5bb2fba,derrickdollesin,2025-05-29,00:33:51,-07:00,2025-05-29T00:33:51-07:00,0,13
style.css,112,css,b5bb2fba,derrickdollesin,2025-05-29,00:33:51,-07:00,2025-05-29T00:33:51-07:00,2,18
style.css,113,css,b5bb2fba,derrickdollesin,2025-05-29,00:33:51,-07:00,2025-05-29T00:33:51-07:00,2,10
style.css,114,css,b5bb2fba,derrickdollesin,2025-05-29,00:33:51,-07:00,2025-05-29T00:33:51-07:00,2,53
style.css,115,css,b5bb2fba,derrickdollesin,2025-05-29,00:33:51,-07:00,2025-05-29T00:33:51-07:00,2,13
style.css,116,css,b5bb2fba,derrickdollesin,2025-05-29,00:33:51,-07:00,2025-05-29T00:33:51-07:00,2,14
style.css,117,css,b5bb2fba,derrickdollesin,2025-05-29,00:33:51,-07:00,2025-05-29T00:33:51-07:00,2,17
style.css,118,css,b5bb2fba,derrickdollesin,2025-05-29,00:33:51,-07:00,2025-05-29T00:33:51-07:00,2,21
style.css,119,css,b5bb2fba,derrickdollesin,2025-05-29,00:33:51,-07:00,2025-05-29T00:33:51-07:00,2,14
style.css,120,css,b5bb2fba,derrickdollesin,2025-05-29,00:33:51,-07:00,2025-05-29T00:33:51-07:00,0,0
style.css,121,css,b5bb2fba,derrickdollesin,2025-05-29,00:33:51,-07:00,2025-05-29T00:33:51-07:00,0,0
style.css,122,css,b5bb2fba,derrickdollesin,2025-05-29,00:33:51,-07:00,2025-05-29T00:33:51-07:00,0,18
style.css,123,css,b5bb2fba,derrickdollesin,2025-05-29,00:33:51,-07:00,2025-05-29T00:33:51-07:00,2,14
style.css,124,css,b5bb2fba,derrickdollesin,2025-05-29,00:33:51,-07:00,2025-05-29T00:33:51-07:00,2,16
style.css,125,css,b5bb2fba,derrickdollesin,2025-05-29,00:33:51,-07:00,2025-05-29T00:33:51-07:00,0,0
style.css,126,css,b5bb2fba,derrickdollesin,2025-05-29,00:33:51,-07:00,2025-05-29T00:33:51-07:00,2,16
style.css,127,css,b5bb2fba,derrickdollesin,2025-05-29,00:33:51,-07:00,2025-05-29T00:33:51-07:00,0,0
style.css,128,css,b5bb2fba,derrickdollesin,2025-05-29,00:33:51,-07:00,2025-05-29T00:33:51-07:00,0,0
style.css,129,css,b5bb2fba,derrickdollesin,2025-05-29,00:33:51,-07:00,2025-05-29T00:33:51-07:00,0,13
style.css,130,css,b5bb2fba,derrickdollesin,2025-05-29,00:33:51,-07:00,2025-05-29T00:33:51-07:00,0,17
style.css,131,css,b5bb2fba,derrickdollesin,2025-05-29,00:33:51,-07:00,2025-05-29T00:33:51-07:00,2,16
style.css,132,css,b5bb2fba,derrickdollesin,2025-05-29,00:33:51,-07:00,2025-05-29T00:33:51-07:00,4,11
style.css,133,css,b5bb2fba,derrickdollesin,2025-05-29,00:33:51,-07:00,2025-05-29T00:33:51-07:00,2,0
style.css,134,css,b5bb2fba,derrickdollesin,2025-05-29,00:33:51,-07:00,2025-05-29T00:33:51-07:00,0,0
style.css,135,css,b5bb2fba,derrickdollesin,2025-05-29,00:33:51,-07:00,2025-05-29T00:33:51-07:00,0,0
style.css,136,css,b5bb2fba,derrickdollesin,2025-05-29,00:33:51,-07:00,2025-05-29T00:33:51-07:00,0,4
style.css,137,css,b5bb2fba,derrickdollesin,2025-05-29,00:33:51,-07:00,2025-05-29T00:33:51-07:00,2,16
style.css,138,css,b5bb2fba,derrickdollesin,2025-05-29,00:33:51,-07:00,2025-05-29T00:33:51-07:00,2,14
style.css,139,css,b5bb2fba,derrickdollesin,2025-05-29,00:33:51,-07:00,2025-05-29T00:33:51-07:00,0,0
style.css,140,css,b5bb2fba,derrickdollesin,2025-05-29,00:33:51,-07:00,2025-05-29T00:33:51-07:00,0,0
style.css,141,css,b5bb2fba,derrickdollesin,2025-05-29,00:33:51,-07:00,2025-05-29T00:33:51-07:00,0,9
style.css,142,css,b5bb2fba,derrickdollesin,2025-05-29,00:33:51,-07:00,2025-05-29T00:33:51-07:00,1,35
style.css,143,css,b5bb2fba,derrickdollesin,2025-05-29,00:33:51,-07:00,2025-05-29T00:33:51-07:00,0,0
style.css,144,css,b5bb2fba,derrickdollesin,2025-05-29,00:33:51,-07:00,2025-05-29T00:33:51-07:00,1,10
style.css,145,css,b5bb2fba,derrickdollesin,2025-05-29,00:33:51,-07:00,2025-05-29T00:33:51-07:00,2,17
style.css,146,css,b5bb2fba,derrickdollesin,2025-05-29,00:33:51,-07:00,2025-05-29T00:33:51-07:00,1,0
style.css,147,css,b5bb2fba,derrickdollesin,2025-05-29,00:33:51,-07:00,2025-05-29T00:33:51-07:00,0,0
style.css,148,css,b5bb2fba,derrickdollesin,2025-05-29,00:33:51,-07:00,2025-05-29T00:33:51-07:00,0,0
style.css,149,css,b5bb2fba,derrickdollesin,2025-05-29,00:33:51,-07:00,2025-05-29T00:33:51-07:00,0,0
style.css,150,css,b5bb2fba,derrickdollesin,2025-05-29,00:33:51,-07:00,2025-05-29T00:33:51-07:00,0,0
style.css,151,css,b5bb2fba,derrickdollesin,2025-05-29,00:33:51,-07:00,2025-05-29T00:33:51-07:00,0,20
style.css,152,css,b5bb2fba,derrickdollesin,2025-05-29,00:33:51,-07:00,2025-05-29T00:33:51-07:00,0,4
style.css,153,css,b5bb2fba,derrickdollesin,2025-05-29,00:33:51,-07:00,2025-05-29T00:33:51-07:00,2,20
style.css,154,css,b5bb2fba,derrickdollesin,2025-05-29,00:33:51,-07:00,2025-05-29T00:33:51-07:00,0,0
style.css,155,css,b5bb2fba,derrickdollesin,2025-05-29,00:33:51,-07:00,2025-05-29T00:33:51-07:00,0,0
style.css,156,css,b5bb2fba,derrickdollesin,2025-05-29,00:33:51,-07:00,2025-05-29T00:33:51-07:00,0,7
style.css,157,css,b5bb2fba,derrickdollesin,2025-05-29,00:33:51,-07:00,2025-05-29T00:33:51-07:00,2,6
style.css,158,css,b5bb2fba,derrickdollesin,2025-05-29,00:33:51,-07:00,2025-05-29T00:33:51-07:00,2,34
style.css,159,css,b5bb2fba,derrickdollesin,2025-05-29,00:33:51,-07:00,2025-05-29T00:33:51-07:00,2,79
style.css,160,css,b5bb2fba,derrickdollesin,2025-05-29,00:33:51,-07:00,2025-05-29T00:33:51-07:00,2,40
style.css,161,css,b5bb2fba,derrickdollesin,2025-05-29,00:33:51,-07:00,2025-05-29T00:33:51-07:00,2,11
style.css,162,css,b5bb2fba,derrickdollesin,2025-05-29,00:33:51,-07:00,2025-05-29T00:33:51-07:00,2,21
style.css,163,css,b5bb2fba,derrickdollesin,2025-05-29,00:33:51,-07:00,2025-05-29T00:33:51-07:00,2,15
style.css,164,css,b5bb2fba,derrickdollesin,2025-05-29,00:33:51,-07:00,2025-05-29T00:33:51-07:00,2,12
style.css,165,css,b5bb2fba,derrickdollesin,2025-05-29,00:33:51,-07:00,2025-05-29T00:33:51-07:00,2,17
style.css,166,css,b5bb2fba,derrickdollesin,2025-05-29,00:33:51,-07:00,2025-05-29T00:33:51-07:00,2,15
style.css,167,css,b5bb2fba,derrickdollesin,2025-05-29,00:33:51,-07:00,2025-05-29T00:33:51-07:00,2,18
style.css,168,css,b5bb2fba,derrickdollesin,2025-05-29,00:33:51,-07:00,2025-05-29T00:33:51-07:00,0,0
style.css,169,css,b5bb2fba,derrickdollesin,2025-05-29,00:33:51,-07:00,2025-05-29T00:33:51-07:00,0,0
style.css,170,css,b5bb2fba,derrickdollesin,2025-05-29,00:33:51,-07:00,2025-05-29T00:33:51-07:00,0,12
style.css,171,css,b5bb2fba,derrickdollesin,2025-05-29,00:33:51,-07:00,2025-05-29T00:33:51-07:00,2,12
style.css,172,css,b5bb2fba,derrickdollesin,2025-05-29,00:33:51,-07:00,2025-05-29T00:33:51-07:00,2,18
style.css,173,css,b5bb2fba,derrickdollesin,2025-05-29,00:33:51,-07:00,2025-05-29T00:33:51-07:00,2,52
style.css,174,css,b5bb2fba,derrickdollesin,2025-05-29,00:33:51,-07:00,2025-05-29T00:33:51-07:00,2,59
style.css,175,css,b5bb2fba,derrickdollesin,2025-05-29,00:33:51,-07:00,2025-05-29T00:33:51-07:00,0,0
style.css,176,css,b5bb2fba,derrickdollesin,2025-05-29,00:33:51,-07:00,2025-05-29T00:33:51-07:00,0,0
style.css,177,css,b5bb2fba,derrickdollesin,2025-05-29,00:33:51,-07:00,2025-05-29T00:33:51-07:00,0,7
style.css,178,css,b5bb2fba,derrickdollesin,2025-05-29,00:33:51,-07:00,2025-05-29T00:33:51-07:00,2,9
style.css,179,css,b5bb2fba,derrickdollesin,2025-05-29,00:33:51,-07:00,2025-05-29T00:33:51-07:00,2,10
style.css,180,css,b5bb2fba,derrickdollesin,2025-05-29,00:33:51,-07:00,2025-05-29T00:33:51-07:00,2,60
style.css,181,css,b5bb2fba,derrickdollesin,2025-05-29,00:33:51,-07:00,2025-05-29T00:33:51-07:00,2,17
style.css,182,css,b5bb2fba,derrickdollesin,2025-05-29,00:33:51,-07:00,2025-05-29T00:33:51-07:00,2,62
style.css,183,css,b5bb2fba,derrickdollesin,2025-05-29,00:33:51,-07:00,2025-05-29T00:33:51-07:00,0,0
style.css,184,css,b5bb2fba,derrickdollesin,2025-05-29,00:33:51,-07:00,2025-05-29T00:33:51-07:00,0,0
style.css,185,css,04ddceda,derrickdollesin,2025-05-16,13:28:56,-07:00,2025-05-16T13:28:56-07:00,0,10
style.css,186,css,04ddceda,derrickdollesin,2025-05-16,13:28:56,-07:00,2025-05-16T13:28:56-07:00,0,0
style.css,187,css,04ddceda,derrickdollesin,2025-05-16,13:28:56,-07:00,2025-05-16T13:28:56-07:00,0,6
style.css,188,css,04ddceda,derrickdollesin,2025-05-16,13:28:56,-07:00,2025-05-16T13:28:56-07:00,2,17
style.css,189,css,04ddceda,derrickdollesin,2025-05-16,13:28:56,-07:00,2025-05-16T13:28:56-07:00,2,16
style.css,190,css,04ddceda,derrickdollesin,2025-05-16,13:28:56,-07:00,2025-05-16T13:28:56-07:00,0,0
style.css,191,css,04ddceda,derrickdollesin,2025-05-16,13:28:56,-07:00,2025-05-16T13:28:56-07:00,0,0
style.css,192,css,04ddceda,derrickdollesin,2025-05-16,13:28:56,-07:00,2025-05-16T13:28:56-07:00,0,9
style.css,193,css,04ddceda,derrickdollesin,2025-05-16,13:28:56,-07:00,2025-05-16T13:28:56-07:00,2,15
style.css,194,css,04ddceda,derrickdollesin,2025-05-16,13:28:56,-07:00,2025-05-16T13:28:56-07:00,2,8
style.css,195,css,04ddceda,derrickdollesin,2025-05-16,13:28:56,-07:00,2025-05-16T13:28:56-07:00,0,0
style.css,196,css,04ddceda,derrickdollesin,2025-05-16,13:28:56,-07:00,2025-05-16T13:28:56-07:00,0,0
style.css,197,css,04ddceda,derrickdollesin,2025-05-16,13:28:56,-07:00,2025-05-16T13:28:56-07:00,0,8
style.css,198,css,04ddceda,derrickdollesin,2025-05-16,13:28:56,-07:00,2025-05-16T13:28:56-07:00,2,13
style.css,199,css,04ddceda,derrickdollesin,2025-05-16,13:28:56,-07:00,2025-05-16T13:28:56-07:00,0,0
style.css,200,css,04ddceda,derrickdollesin,2025-05-16,13:28:56,-07:00,2025-05-16T13:28:56-07:00,0,0
style.css,201,css,04ddceda,derrickdollesin,2025-05-16,13:28:56,-07:00,2025-05-16T13:28:56-07:00,0,7
style.css,202,css,04ddceda,derrickdollesin,2025-05-16,13:28:56,-07:00,2025-05-16T13:28:56-07:00,2,17
style.css,203,css,04ddceda,derrickdollesin,2025-05-16,13:28:56,-07:00,2025-05-16T13:28:56-07:00,0,0
style.css,204,css,04ddceda,derrickdollesin,2025-05-16,13:28:56,-07:00,2025-05-16T13:28:56-07:00,0,0
style.css,205,css,04ddceda,derrickdollesin,2025-05-16,13:28:56,-07:00,2025-05-16T13:28:56-07:00,0,10
style.css,206,css,04ddceda,derrickdollesin,2025-05-16,13:28:56,-07:00,2025-05-16T13:28:56-07:00,2,15
style.css,207,css,04ddceda,derrickdollesin,2025-05-16,13:28:56,-07:00,2025-05-16T13:28:56-07:00,2,19
style.css,208,css,04ddceda,derrickdollesin,2025-05-16,13:28:56,-07:00,2025-05-16T13:28:56-07:00,2,43
style.css,209,css,04ddceda,derrickdollesin,2025-05-16,13:28:56,-07:00,2025-05-16T13:28:56-07:00,2,21
style.css,210,css,04ddceda,derrickdollesin,2025-05-16,13:28:56,-07:00,2025-05-16T13:28:56-07:00,0,0
style.css,211,css,04ddceda,derrickdollesin,2025-05-16,13:28:56,-07:00,2025-05-16T13:28:56-07:00,0,0
style.css,212,css,04ddceda,derrickdollesin,2025-05-16,13:28:56,-07:00,2025-05-16T13:28:56-07:00,0,7
style.css,213,css,04ddceda,derrickdollesin,2025-05-16,13:28:56,-07:00,2025-05-16T13:28:56-07:00,2,17
style.css,214,css,04ddceda,derrickdollesin,2025-05-16,13:28:56,-07:00,2025-05-16T13:28:56-07:00,0,0
style.css,215,css,04ddceda,derrickdollesin,2025-05-16,13:28:56,-07:00,2025-05-16T13:28:56-07:00,0,0
style.css,216,css,04ddceda,derrickdollesin,2025-05-16,13:28:56,-07:00,2025-05-16T13:28:56-07:00,0,14
style.css,217,css,04ddceda,derrickdollesin,2025-05-16,13:28:56,-07:00,2025-05-16T13:28:56-07:00,2,13
style.css,218,css,04ddceda,derrickdollesin,2025-05-16,13:28:56,-07:00,2025-05-16T13:28:56-07:00,2,15
style.css,219,css,04ddceda,derrickdollesin,2025-05-16,13:28:56,-07:00,2025-05-16T13:28:56-07:00,2,19
style.css,220,css,04ddceda,derrickdollesin,2025-05-16,13:28:56,-07:00,2025-05-16T13:28:56-07:00,0,0
style.css,221,css,04ddceda,derrickdollesin,2025-05-16,13:28:56,-07:00,2025-05-16T13:28:56-07:00,0,0
style.css,222,css,04ddceda,derrickdollesin,2025-05-16,13:28:56,-07:00,2025-05-16T13:28:56-07:00,0,9
style.css,223,css,04ddceda,derrickdollesin,2025-05-16,13:28:56,-07:00,2025-05-16T13:28:56-07:00,2,17
style.css,224,css,04ddceda,derrickdollesin,2025-05-16,13:28:56,-07:00,2025-05-16T13:28:56-07:00,2,22
style.css,225,css,04ddceda,derrickdollesin,2025-05-16,13:28:56,-07:00,2025-05-16T13:28:56-07:00,0,0
style.css,226,css,04ddceda,derrickdollesin,2025-05-16,13:28:56,-07:00,2025-05-16T13:28:56-07:00,0,0
style.css,227,css,04ddceda,derrickdollesin,2025-05-16,13:28:56,-07:00,2025-05-16T13:28:56-07:00,0,2
style.css,228,css,04ddceda,derrickdollesin,2025-05-16,13:28:56,-07:00,2025-05-16T13:28:56-07:00,2,8
style.css,229,css,04ddceda,derrickdollesin,2025-05-16,13:28:56,-07:00,2025-05-16T13:28:56-07:00,2,18
style.css,230,css,04ddceda,derrickdollesin,2025-05-16,13:28:56,-07:00,2025-05-16T13:28:56-07:00,2,20
style.css,231,css,04ddceda,derrickdollesin,2025-05-16,13:28:56,-07:00,2025-05-16T13:28:56-07:00,0,0
style.css,232,css,04ddceda,derrickdollesin,2025-05-16,13:28:56,-07:00,2025-05-16T13:28:56-07:00,0,0
style.css,233,css,04ddceda,derrickdollesin,2025-05-16,13:28:56,-07:00,2025-05-16T13:28:56-07:00,0,5
style.css,234,css,04ddceda,derrickdollesin,2025-05-16,13:28:56,-07:00,2025-05-16T13:28:56-07:00,2,19
style.css,235,css,04ddceda,derrickdollesin,2025-05-16,13:28:56,-07:00,2025-05-16T13:28:56-07:00,0,0
style.css,236,css,04ddceda,derrickdollesin,2025-05-16,13:28:56,-07:00,2025-05-16T13:28:56-07:00,0,0
style.css,237,css,d7ec75df,derrickdollesin,2025-05-19,13:45:48,-07:00,2025-05-19T13:45:48-07:00,0,13
style.css,238,css,d7ec75df,derrickdollesin,2025-05-19,13:45:48,-07:00,2025-05-19T13:45:48-07:00,0,3
style.css,239,css,d7ec75df,derrickdollesin,2025-05-19,13:45:48,-07:00,2025-05-19T13:45:48-07:00,1,39
style.css,240,css,d7ec75df,derrickdollesin,2025-05-19,13:45:48,-07:00,2025-05-19T13:45:48-07:00,1,41
style.css,241,css,d7ec75df,derrickdollesin,2025-05-19,13:45:48,-07:00,2025-05-19T13:45:48-07:00,0,0
style.css,242,css,d7ec75df,derrickdollesin,2025-05-19,13:45:48,-07:00,2025-05-19T13:45:48-07:00,1,39
style.css,243,css,d7ec75df,derrickdollesin,2025-05-19,13:45:48,-07:00,2025-05-19T13:45:48-07:00,0,0
style.css,244,css,d7ec75df,derrickdollesin,2025-05-19,13:45:48,-07:00,2025-05-19T13:45:48-07:00,0,0
style.css,245,css,d7ec75df,derrickdollesin,2025-05-19,13:45:48,-07:00,2025-05-19T13:45:48-07:00,0,7
style.css,246,css,d7ec75df,derrickdollesin,2025-05-19,13:45:48,-07:00,2025-05-19T13:45:48-07:00,2,69
style.css,247,css,d7ec75df,derrickdollesin,2025-05-19,13:45:48,-07:00,2025-05-19T13:45:48-07:00,0,0
style.css,248,css,d7ec75df,derrickdollesin,2025-05-19,13:45:48,-07:00,2025-05-19T13:45:48-07:00,0,0
style.css,249,css,d7ec75df,derrickdollesin,2025-05-19,13:45:48,-07:00,2025-05-19T13:45:48-07:00,0,18
style.css,250,css,d7ec75df,derrickdollesin,2025-05-19,13:45:48,-07:00,2025-05-19T13:45:48-07:00,2,17
style.css,251,css,d7ec75df,derrickdollesin,2025-05-19,13:45:48,-07:00,2025-05-19T13:45:48-07:00,2,8
style.css,252,css,d7ec75df,derrickdollesin,2025-05-19,13:45:48,-07:00,2025-05-19T13:45:48-07:00,2,10
style.css,253,css,d7ec75df,derrickdollesin,2025-05-19,13:45:48,-07:00,2025-05-19T13:45:48-07:00,2,13
style.css,254,css,d7ec75df,derrickdollesin,2025-05-19,13:45:48,-07:00,2025-05-19T13:45:48-07:00,2,19
style.css,255,css,0da51a61,derrickdollesin,2025-05-19,22:55:54,-07:00,2025-05-19T22:55:54-07:00,0,0
style.css,256,css,0da51a61,derrickdollesin,2025-05-19,22:55:54,-07:00,2025-05-19T22:55:54-07:00,0,0
style.css,257,css,0da51a61,derrickdollesin,2025-05-19,22:55:54,-07:00,2025-05-19T22:55:54-07:00,0,14
style.css,258,css,0da51a61,derrickdollesin,2025-05-19,22:55:54,-07:00,2025-05-19T22:55:54-07:00,0,15
style.css,259,css,0da51a61,derrickdollesin,2025-05-19,22:55:54,-07:00,2025-05-19T22:55:54-07:00,2,17
style.css,260,css,0da51a61,derrickdollesin,2025-05-19,22:55:54,-07:00,2025-05-19T22:55:54-07:00,0,0
style.css,261,css,0da51a61,derrickdollesin,2025-05-19,22:55:54,-07:00,2025-05-19T22:55:54-07:00,0,0
style.css,262,css,0da51a61,derrickdollesin,2025-05-19,22:55:54,-07:00,2025-05-19T22:55:54-07:00,0,15
style.css,263,css,0da51a61,derrickdollesin,2025-05-19,22:55:54,-07:00,2025-05-19T22:55:54-07:00,2,17
style.css,264,css,0da51a61,derrickdollesin,2025-05-19,22:55:54,-07:00,2025-05-19T22:55:54-07:00,2,13
style.css,265,css,0da51a61,derrickdollesin,2025-05-19,22:55:54,-07:00,2025-05-19T22:55:54-07:00,0,0
style.css,266,css,0da51a61,derrickdollesin,2025-05-19,22:55:54,-07:00,2025-05-19T22:55:54-07:00,0,0
style.css,267,css,0da51a61,derrickdollesin,2025-05-19,22:55:54,-07:00,2025-05-19T22:55:54-07:00,0,14
style.css,268,css,0da51a61,derrickdollesin,2025-05-19,22:55:54,-07:00,2025-05-19T22:55:54-07:00,1,14
style.css,269,css,0da51a61,derrickdollesin,2025-05-19,22:55:54,-07:00,2025-05-19T22:55:54-07:00,1,17
style.css,270,css,0da51a61,derrickdollesin,2025-05-19,22:55:54,-07:00,2025-05-19T22:55:54-07:00,1,17
style.css,271,css,0da51a61,derrickdollesin,2025-05-19,22:55:54,-07:00,2025-05-19T22:55:54-07:00,1,11
style.css,272,css,0da51a61,derrickdollesin,2025-05-19,22:55:54,-07:00,2025-05-19T22:55:54-07:00,0,0
style.css,273,css,0da51a61,derrickdollesin,2025-05-19,22:55:54,-07:00,2025-05-19T22:55:54-07:00,0,0
style.css,274,css,0da51a61,derrickdollesin,2025-05-19,22:55:54,-07:00,2025-05-19T22:55:54-07:00,0,17
style.css,275,css,0da51a61,derrickdollesin,2025-05-19,22:55:54,-07:00,2025-05-19T22:55:54-07:00,1,12
style.css,276,css,0da51a61,derrickdollesin,2025-05-19,22:55:54,-07:00,2025-05-19T22:55:54-07:00,1,58
style.css,277,css,0da51a61,derrickdollesin,2025-05-19,22:55:54,-07:00,2025-05-19T22:55:54-07:00,1,24
style.css,278,css,0da51a61,derrickdollesin,2025-05-19,22:55:54,-07:00,2025-05-19T22:55:54-07:00,1,33
style.css,279,css,0da51a61,derrickdollesin,2025-05-19,22:55:54,-07:00,2025-05-19T22:55:54-07:00,1,17
style.css,280,css,0da51a61,derrickdollesin,2025-05-19,22:55:54,-07:00,2025-05-19T22:55:54-07:00,1,10
style.css,281,css,0da51a61,derrickdollesin,2025-05-19,22:55:54,-07:00,2025-05-19T22:55:54-07:00,0,0
style.css,282,css,0da51a61,derrickdollesin,2025-05-19,22:55:54,-07:00,2025-05-19T22:55:54-07:00,0,0
style.css,283,css,0da51a61,derrickdollesin,2025-05-19,22:55:54,-07:00,2025-05-19T22:55:54-07:00,0,17
style.css,284,css,0da51a61,derrickdollesin,2025-05-19,22:55:54,-07:00,2025-05-19T22:55:54-07:00,1,10
style.css,285,css,0da51a61,derrickdollesin,2025-05-19,22:55:54,-07:00,2025-05-19T22:55:54-07:00,1,15
style.css,286,css,0da51a61,derrickdollesin,2025-05-19,22:55:54,-07:00,2025-05-19T22:55:54-07:00,1,20
style.css,287,css,0da51a61,derrickdollesin,2025-05-19,22:55:54,-07:00,2025-05-19T22:55:54-07:00,1,39
style.css,288,css,0da51a61,derrickdollesin,2025-05-19,22:55:54,-07:00,2025-05-19T22:55:54-07:00,0,0
style.css,289,css,0da51a61,derrickdollesin,2025-05-19,22:55:54,-07:00,2025-05-19T22:55:54-07:00,0,0
style.css,290,css,0da51a61,derrickdollesin,2025-05-19,22:55:54,-07:00,2025-05-19T22:55:54-07:00,0,17
style.css,291,css,0da51a61,derrickdollesin,2025-05-19,22:55:54,-07:00,2025-05-19T22:55:54-07:00,1,10
style.css,292,css,0da51a61,derrickdollesin,2025-05-19,22:55:54,-07:00,2025-05-19T22:55:54-07:00,1,16
style.css,293,css,0da51a61,derrickdollesin,2025-05-19,22:55:54,-07:00,2025-05-19T22:55:54-07:00,1,15
style.css,294,css,0da51a61,derrickdollesin,2025-05-19,22:55:54,-07:00,2025-05-19T22:55:54-07:00,1,8
style.css,295,css,0da51a61,derrickdollesin,2025-05-19,22:55:54,-07:00,2025-05-19T22:55:54-07:00,1,25
style.css,296,css,0da51a61,derrickdollesin,2025-05-19,22:55:54,-07:00,2025-05-19T22:55:54-07:00,0,0
index.js,1,js,0da51a61,derrickdollesin,2025-05-19,22:55:54,-07:00,2025-05-19T22:55:54-07:00,0,71
index.js,2,js,0da51a61,derrickdollesin,2025-05-19,22:55:54,-07:00,2025-05-19T22:55:54-07:00,0,0
index.js,3,js,0da51a61,derrickdollesin,2025-05-19,22:55:54,-07:00,2025-05-19T22:55:54-07:00,0,54
index.js,4,js,0da51a61,derrickdollesin,2025-05-19,22:55:54,-07:00,2025-05-19T22:55:54-07:00,0,42
index.js,5,js,0da51a61,derrickdollesin,2025-05-19,22:55:54,-07:00,2025-05-19T22:55:54-07:00,0,60
index.js,6,js,0da51a61,derrickdollesin,2025-05-19,22:55:54,-07:00,2025-05-19T22:55:54-07:00,0,0
index.js,7,js,0da51a61,derrickdollesin,2025-05-19,22:55:54,-07:00,2025-05-19T22:55:54-07:00,0,54
index.js,8,js,0da51a61,derrickdollesin,2025-05-19,22:55:54,-07:00,2025-05-19T22:55:54-07:00,0,0
index.js,9,js,0da51a61,derrickdollesin,2025-05-19,22:55:54,-07:00,2025-05-19T22:55:54-07:00,0,58
index.js,10,js,0da51a61,derrickdollesin,2025-05-19,22:55:54,-07:00,2025-05-19T22:55:54-07:00,0,60
index.js,11,js,0da51a61,derrickdollesin,2025-05-19,22:55:54,-07:00,2025-05-19T22:55:54-07:00,0,0
index.js,12,js,0da51a61,derrickdollesin,2025-05-19,22:55:54,-07:00,2025-05-19T22:55:54-07:00,0,17
index.js,13,js,0da51a61,derrickdollesin,2025-05-19,22:55:54,-07:00,2025-05-19T22:55:54-07:00,1,24
index.js,14,js,0da51a61,derrickdollesin,2025-05-19,22:55:54,-07:00,2025-05-19T22:55:54-07:00,4,2
index.js,15,js,0da51a61,derrickdollesin,2025-05-19,22:55:54,-07:00,2025-05-19T22:55:54-07:00,5,55
index.js,16,js,0da51a61,derrickdollesin,2025-05-19,22:55:54,-07:00,2025-05-19T22:55:54-07:00,5,55
index.js,17,js,0da51a61,derrickdollesin,2025-05-19,22:55:54,-07:00,2025-05-19T22:55:54-07:00,5,49
index.js,18,js,0da51a61,derrickdollesin,2025-05-19,22:55:54,-07:00,2025-05-19T22:55:54-07:00,5,49
index.js,19,js,0da51a61,derrickdollesin,2025-05-19,22:55:54,-07:00,2025-05-19T22:55:54-07:00,4,3
index.js,20,js,0da51a61,derrickdollesin,2025-05-19,22:55:54,-07:00,2025-05-19T22:55:54-07:00,2,0
index.js,21,js,0da51a61,derrickdollesin,2025-05-19,22:55:54,-07:00,2025-05-19T22:55:54-07:00,0,0
index.html,1,html,7556471,derrickdollesin,2025-05-16,12:00:12,-07:00,2025-05-16T12:00:12-07:00,0,13
index.html,2,html,7556471,derrickdollesin,2025-05-16,12:00:12,-07:00,2025-05-16T12:00:12-07:00,0,14
index.html,3,html,7556471,derrickdollesin,2025-05-16,12:00:12,-07:00,2025-05-16T12:00:12-07:00,0,4
index.html,4,html,7556471,derrickdollesin,2025-05-16,12:00:12,-07:00,2025-05-16T12:00:12-07:00,2,20
index.html,5,html,7556471,derrickdollesin,2025-05-16,12:00:12,-07:00,2025-05-16T12:00:12-07:00,2,68
index.html,6,html,7556471,derrickdollesin,2025-05-16,12:00:12,-07:00,2025-05-16T12:00:12-07:00,2,17
index.html,7,html,04ddceda,derrickdollesin,2025-05-16,13:28:56,-07:00,2025-05-16T13:28:56-07:00,2,38
index.html,8,html,0da51a61,derrickdollesin,2025-05-19,22:55:54,-07:00,2025-05-19T22:55:54-07:00,2,50
index.html,9,html,7556471,derrickdollesin,2025-05-16,12:00:12,-07:00,2025-05-16T12:00:12-07:00,0,5
index.html,10,html,0da51a61,derrickdollesin,2025-05-19,22:55:54,-07:00,2025-05-19T22:55:54-07:00,0,22
index.html,11,html,2045081d,derrickdollesin,2025-05-16,12:25:45,-07:00,2025-05-16T12:25:45-07:00,0,0
index.html,12,html,7556471,derrickdollesin,2025-05-16,12:00:12,-07:00,2025-05-16T12:00:12-07:00,2,23
index.html,13,html,7556471,derrickdollesin,2025-05-16,12:00:12,-07:00,2025-05-16T12:00:12-07:00,0,0
index.html,14,html,7556471,derrickdollesin,2025-05-16,12:00:12,-07:00,2025-05-16T12:00:12-07:00,2,43
index.html,15,html,2045081d,derrickdollesin,2025-05-16,12:25:45,-07:00,2025-05-16T12:25:45-07:00,0,0
index.html,16,html,2045081d,derrickdollesin,2025-05-16,12:25:45,-07:00,2025-05-16T12:25:45-07:00,2,71
index.html,17,html,d7ec75df,derrickdollesin,2025-05-19,13:45:48,-07:00,2025-05-19T13:45:48-07:00,0,0
index.html,18,html,0da51a61,derrickdollesin,2025-05-19,22:55:54,-07:00,2025-05-19T22:55:54-07:00,2,22
index.html,19,html,b5bb2fba,derrickdollesin,2025-05-29,00:33:51,-07:00,2025-05-29T00:33:51-07:00,2,2
index.html,20,html,0da51a61,derrickdollesin,2025-05-19,22:55:54,-07:00,2025-05-19T22:55:54-07:00,2,20
index.html,21,html,0da51a61,derrickdollesin,2025-05-19,22:55:54,-07:00,2025-05-19T22:55:54-07:00,2,49
index.html,22,html,0da51a61,derrickdollesin,2025-05-19,22:55:54,-07:00,2025-05-19T22:55:54-07:00,2,4
index.html,23,html,0da51a61,derrickdollesin,2025-05-19,22:55:54,-07:00,2025-05-19T22:55:54-07:00,0,0
index.html,24,html,b5bb2fba,derrickdollesin,2025-05-29,00:33:51,-07:00,2025-05-29T00:33:51-07:00,2,2
index.html,25,html,0da51a61,derrickdollesin,2025-05-19,22:55:54,-07:00,2025-05-19T22:55:54-07:00,2,22
index.html,26,html,b5bb2fba,derrickdollesin,2025-05-29,00:33:51,-07:00,2025-05-29T00:33:51-07:00,2,2
index.html,27,html,0da51a61,derrickdollesin,2025-05-19,22:55:54,-07:00,2025-05-19T22:55:54-07:00,2,28
index.html,28,html,0da51a61,derrickdollesin,2025-05-19,22:55:54,-07:00,2025-05-19T22:55:54-07:00,0,0
index.html,29,html,0da51a61,derrickdollesin,2025-05-19,22:55:54,-07:00,2025-05-19T22:55:54-07:00,2,45
index.html,30,html,7556471,derrickdollesin,2025-05-16,12:00:12,-07:00,2025-05-16T12:00:12-07:00,0,5
index.html,31,html,7556471,derrickdollesin,2025-05-16,12:00:12,-07:00,2025-05-16T12:00:12-07:00,0,5
global.js,1,js,d7ec75df,derrickdollesin,2025-05-19,13:45:48,-07:00,2025-05-19T13:45:48-07:00,0,25
global.js,2,js,d7ec75df,derrickdollesin,2025-05-19,13:45:48,-07:00,2025-05-19T13:45:48-07:00,0,0
global.js,3,js,d7ec75df,derrickdollesin,2025-05-19,13:45:48,-07:00,2025-05-19T13:45:48-07:00,0,11
global.js,4,js,d7ec75df,derrickdollesin,2025-05-19,13:45:48,-07:00,2025-05-19T13:45:48-07:00,0,0
global.js,5,js,d7ec75df,derrickdollesin,2025-05-19,13:45:48,-07:00,2025-05-19T13:45:48-07:00,0,41
global.js,6,js,d7ec75df,derrickdollesin,2025-05-19,13:45:48,-07:00,2025-05-19T13:45:48-07:00,2,52
global.js,7,js,d7ec75df,derrickdollesin,2025-05-19,13:45:48,-07:00,2025-05-19T13:45:48-07:00,0,0
global.js,8,js,d7ec75df,derrickdollesin,2025-05-19,13:45:48,-07:00,2025-05-19T13:45:48-07:00,0,0
global.js,9,js,d7ec75df,derrickdollesin,2025-05-19,13:45:48,-07:00,2025-05-19T13:45:48-07:00,0,11
global.js,10,js,d7ec75df,derrickdollesin,2025-05-19,13:45:48,-07:00,2025-05-19T13:45:48-07:00,2,25
global.js,11,js,d7ec75df,derrickdollesin,2025-05-19,13:45:48,-07:00,2025-05-19T13:45:48-07:00,2,38
global.js,12,js,d7ec75df,derrickdollesin,2025-05-19,13:45:48,-07:00,2025-05-19T13:45:48-07:00,2,36
global.js,13,js,d7ec75df,derrickdollesin,2025-05-19,13:45:48,-07:00,2025-05-19T13:45:48-07:00,2,34
global.js,14,js,00000000,Not Committed Yet,2025-05-29,01:03:28,-07:00,2025-05-29T01:03:28-07:00,2,29
global.js,15,js,d7ec75df,derrickdollesin,2025-05-19,13:45:48,-07:00,2025-05-19T13:45:48-07:00,2,60
global.js,16,js,d7ec75df,derrickdollesin,2025-05-19,13:45:48,-07:00,2025-05-19T13:45:48-07:00,0,0
global.js,17,js,d7ec75df,derrickdollesin,2025-05-19,13:45:48,-07:00,2025-05-19T13:45:48-07:00,0,0
global.js,18,js,d7ec75df,derrickdollesin,2025-05-19,13:45:48,-07:00,2025-05-19T13:45:48-07:00,0,38
global.js,19,js,d7ec75df,derrickdollesin,2025-05-19,13:45:48,-07:00,2025-05-19T13:45:48-07:00,0,25
global.js,20,js,d7ec75df,derrickdollesin,2025-05-19,13:45:48,-07:00,2025-05-19T13:45:48-07:00,0,0
global.js,21,js,d7ec75df,derrickdollesin,2025-05-19,13:45:48,-07:00,2025-05-19T13:45:48-07:00,0,88
global.js,22,js,d7ec75df,derrickdollesin,2025-05-19,13:45:48,-07:00,2025-05-19T13:45:48-07:00,2,36
global.js,23,js,d7ec75df,derrickdollesin,2025-05-19,13:45:48,-07:00,2025-05-19T13:45:48-07:00,2,46
global.js,24,js,d7ec75df,derrickdollesin,2025-05-19,13:45:48,-07:00,2025-05-19T13:45:48-07:00,0,0
global.js,25,js,d7ec75df,derrickdollesin,2025-05-19,13:45:48,-07:00,2025-05-19T13:45:48-07:00,0,20
global.js,26,js,d7ec75df,derrickdollesin,2025-05-19,13:45:48,-07:00,2025-05-19T13:45:48-07:00,2,14
global.js,27,js,d7ec75df,derrickdollesin,2025-05-19,13:45:48,-07:00,2025-05-19T13:45:48-07:00,2,18
global.js,28,js,d7ec75df,derrickdollesin,2025-05-19,13:45:48,-07:00,2025-05-19T13:45:48-07:00,0,0
global.js,29,js,d7ec75df,derrickdollesin,2025-05-19,13:45:48,-07:00,2025-05-19T13:45:48-07:00,2,52
global.js,30,js,d7ec75df,derrickdollesin,2025-05-19,13:45:48,-07:00,2025-05-19T13:45:48-07:00,0,0
global.js,31,js,d7ec75df,derrickdollesin,2025-05-19,13:45:48,-07:00,2025-05-19T13:45:48-07:00,2,41
global.js,32,js,d7ec75df,derrickdollesin,2025-05-19,13:45:48,-07:00,2025-05-19T13:45:48-07:00,2,34
global.js,33,js,d7ec75df,derrickdollesin,2025-05-19,13:45:48,-07:00,2025-05-19T13:45:48-07:00,2,11
global.js,34,js,d7ec75df,derrickdollesin,2025-05-19,13:45:48,-07:00,2025-05-19T13:45:48-07:00,2,20
global.js,35,js,d7ec75df,derrickdollesin,2025-05-19,13:45:48,-07:00,2025-05-19T13:45:48-07:00,0,0
global.js,36,js,d7ec75df,derrickdollesin,2025-05-19,13:45:48,-07:00,2025-05-19T13:45:48-07:00,2,17
global.js,37,js,d7ec75df,derrickdollesin,2025-05-19,13:45:48,-07:00,2025-05-19T13:45:48-07:00,4,8
global.js,38,js,d7ec75df,derrickdollesin,2025-05-19,13:45:48,-07:00,2025-05-19T13:45:48-07:00,4,59
global.js,39,js,d7ec75df,derrickdollesin,2025-05-19,13:45:48,-07:00,2025-05-19T13:45:48-07:00,2,0
global.js,40,js,d7ec75df,derrickdollesin,2025-05-19,13:45:48,-07:00,2025-05-19T13:45:48-07:00,0,0
global.js,41,js,d7ec75df,derrickdollesin,2025-05-19,13:45:48,-07:00,2025-05-19T13:45:48-07:00,2,29
global.js,42,js,d7ec75df,derrickdollesin,2025-05-19,13:45:48,-07:00,2025-05-19T13:45:48-07:00,4,37
global.js,43,js,d7ec75df,derrickdollesin,2025-05-19,13:45:48,-07:00,2025-05-19T13:45:48-07:00,2,0
global.js,44,js,d7ec75df,derrickdollesin,2025-05-19,13:45:48,-07:00,2025-05-19T13:45:48-07:00,0,0
global.js,45,js,d7ec75df,derrickdollesin,2025-05-19,13:45:48,-07:00,2025-05-19T13:45:48-07:00,2,12
global.js,46,js,d7ec75df,derrickdollesin,2025-05-19,13:45:48,-07:00,2025-05-19T13:45:48-07:00,0,0
global.js,47,js,d7ec75df,derrickdollesin,2025-05-19,13:45:48,-07:00,2025-05-19T13:45:48-07:00,0,0
global.js,48,js,d7ec75df,derrickdollesin,2025-05-19,13:45:48,-07:00,2025-05-19T13:45:48-07:00,0,19
global.js,49,js,d7ec75df,derrickdollesin,2025-05-19,13:45:48,-07:00,2025-05-19T13:45:48-07:00,0,31
global.js,50,js,d7ec75df,derrickdollesin,2025-05-19,13:45:48,-07:00,2025-05-19T13:45:48-07:00,1,11
global.js,51,js,d7ec75df,derrickdollesin,2025-05-19,13:45:48,-07:00,2025-05-19T13:45:48-07:00,1,0
global.js,52,js,d7ec75df,derrickdollesin,2025-05-19,13:45:48,-07:00,2025-05-19T13:45:48-07:00,0,26
global.js,53,js,d7ec75df,derrickdollesin,2025-05-19,13:45:48,-07:00,2025-05-19T13:45:48-07:00,0,4
global.js,54,js,d7ec75df,derrickdollesin,2025-05-19,13:45:48,-07:00,2025-05-19T13:45:48-07:00,0,6
global.js,55,js,d7ec75df,derrickdollesin,2025-05-19,13:45:48,-07:00,2025-05-19T13:45:48-07:00,6,43
global.js,56,js,d7ec75df,derrickdollesin,2025-05-19,13:45:48,-07:00,2025-05-19T13:45:48-07:00,6,34
global.js,57,js,d7ec75df,derrickdollesin,2025-05-19,13:45:48,-07:00,2025-05-19T13:45:48-07:00,6,32
global.js,58,js,d7ec75df,derrickdollesin,2025-05-19,13:45:48,-07:00,2025-05-19T13:45:48-07:00,0,7
global.js,59,js,d7ec75df,derrickdollesin,2025-05-19,13:45:48,-07:00,2025-05-19T13:45:48-07:00,0,8
global.js,60,js,d7ec75df,derrickdollesin,2025-05-19,13:45:48,-07:00,2025-05-19T13:45:48-07:00,0,0
global.js,61,js,d7ec75df,derrickdollesin,2025-05-19,13:45:48,-07:00,2025-05-19T13:45:48-07:00,0,0
global.js,62,js,d7ec75df,derrickdollesin,2025-05-19,13:45:48,-07:00,2025-05-19T13:45:48-07:00,0,74
global.js,63,js,d7ec75df,derrickdollesin,2025-05-19,13:45:48,-07:00,2025-05-19T13:45:48-07:00,0,44
global.js,64,js,d7ec75df,derrickdollesin,2025-05-19,13:45:48,-07:00,2025-05-19T13:45:48-07:00,0,78
global.js,65,js,d7ec75df,derrickdollesin,2025-05-19,13:45:48,-07:00,2025-05-19T13:45:48-07:00,0,0
global.js,66,js,d7ec75df,derrickdollesin,2025-05-19,13:45:48,-07:00,2025-05-19T13:45:48-07:00,0,34
global.js,67,js,d7ec75df,derrickdollesin,2025-05-19,13:45:48,-07:00,2025-05-19T13:45:48-07:00,2,36
global.js,68,js,d7ec75df,derrickdollesin,2025-05-19,13:45:48,-07:00,2025-05-19T13:45:48-07:00,2,65
global.js,69,js,d7ec75df,derrickdollesin,2025-05-19,13:45:48,-07:00,2025-05-19T13:45:48-07:00,2,20
global.js,70,js,d7ec75df,derrickdollesin,2025-05-19,13:45:48,-07:00,2025-05-19T13:45:48-07:00,0,0
global.js,71,js,d7ec75df,derrickdollesin,2025-05-19,13:45:48,-07:00,2025-05-19T13:45:48-07:00,0,0
global.js,72,js,d7ec75df,derrickdollesin,2025-05-19,13:45:48,-07:00,2025-05-19T13:45:48-07:00,0,49
global.js,73,js,d7ec75df,derrickdollesin,2025-05-19,13:45:48,-07:00,2025-05-19T13:45:48-07:00,2,29
global.js,74,js,d7ec75df,derrickdollesin,2025-05-19,13:45:48,-07:00,2025-05-19T13:45:48-07:00,2,64
global.js,75,js,d7ec75df,derrickdollesin,2025-05-19,13:45:48,-07:00,2025-05-19T13:45:48-07:00,2,31
global.js,76,js,d7ec75df,derrickdollesin,2025-05-19,13:45:48,-07:00,2025-05-19T13:45:48-07:00,2,44
global.js,77,js,d7ec75df,derrickdollesin,2025-05-19,13:45:48,-07:00,2025-05-19T13:45:48-07:00,0,1
global.js,78,js,d7ec75df,derrickdollesin,2025-05-19,13:45:48,-07:00,2025-05-19T13:45:48-07:00,0,0
global.js,79,js,d7ec75df,derrickdollesin,2025-05-19,13:45:48,-07:00,2025-05-19T13:45:48-07:00,0,0
global.js,80,js,d7ec75df,derrickdollesin,2025-05-19,13:45:48,-07:00,2025-05-19T13:45:48-07:00,0,17
global.js,81,js,0da51a61,derrickdollesin,2025-05-19,22:55:54,-07:00,2025-05-19T22:55:54-07:00,0,36
global.js,82,js,0da51a61,derrickdollesin,2025-05-19,22:55:54,-07:00,2025-05-19T22:55:54-07:00,2,3
global.js,83,js,0da51a61,derrickdollesin,2025-05-19,22:55:54,-07:00,2025-05-19T22:55:54-07:00,4,39
global.js,84,js,0da51a61,derrickdollesin,2025-05-19,22:55:54,-07:00,2025-05-19T22:55:54-07:00,4,32
global.js,85,js,0da51a61,derrickdollesin,2025-05-19,22:55:54,-07:00,2025-05-19T22:55:54-07:00,4,0
global.js,86,js,0da51a61,derrickdollesin,2025-05-19,22:55:54,-07:00,2025-05-19T22:55:54-07:00,4,17
global.js,87,js,0da51a61,derrickdollesin,2025-05-19,22:55:54,-07:00,2025-05-19T22:55:54-07:00,6,66
global.js,88,js,0da51a61,derrickdollesin,2025-05-19,22:55:54,-07:00,2025-05-19T22:55:54-07:00,4,0
global.js,89,js,d7ec75df,derrickdollesin,2025-05-19,13:45:48,-07:00,2025-05-19T13:45:48-07:00,0,0
global.js,90,js,0da51a61,derrickdollesin,2025-05-19,22:55:54,-07:00,2025-05-19T22:55:54-07:00,4,33
global.js,91,js,d7ec75df,derrickdollesin,2025-05-19,13:45:48,-07:00,2025-05-19T13:45:48-07:00,0,0
global.js,92,js,0da51a61,derrickdollesin,2025-05-19,22:55:54,-07:00,2025-05-19T22:55:54-07:00,4,10
global.js,93,js,d7ec75df,derrickdollesin,2025-05-19,13:45:48,-07:00,2025-05-19T13:45:48-07:00,0,0
global.js,94,js,0da51a61,derrickdollesin,2025-05-19,22:55:54,-07:00,2025-05-19T22:55:54-07:00,2,15
global.js,95,js,0da51a61,derrickdollesin,2025-05-19,22:55:54,-07:00,2025-05-19T22:55:54-07:00,4,59
global.js,96,js,0da51a61,derrickdollesin,2025-05-19,22:55:54,-07:00,2025-05-19T22:55:54-07:00,2,0
global.js,97,js,0da51a61,derrickdollesin,2025-05-19,22:55:54,-07:00,2025-05-19T22:55:54-07:00,0,0
global.js,98,js,0da51a61,derrickdollesin,2025-05-19,22:55:54,-07:00,2025-05-19T22:55:54-07:00,0,0
global.js,99,js,0da51a61,derrickdollesin,2025-05-19,22:55:54,-07:00,2025-05-19T22:55:54-07:00,0,79
global.js,100,js,0da51a61,derrickdollesin,2025-05-19,22:55:54,-07:00,2025-05-19T22:55:54-07:00,2,29
global.js,101,js,0da51a61,derrickdollesin,2025-05-19,22:55:54,-07:00,2025-05-19T22:55:54-07:00,4,52
global.js,102,js,0da51a61,derrickdollesin,2025-05-19,22:55:54,-07:00,2025-05-19T22:55:54-07:00,4,5
global.js,103,js,0da51a61,derrickdollesin,2025-05-19,22:55:54,-07:00,2025-05-19T22:55:54-07:00,2,0
global.js,104,js,0da51a61,derrickdollesin,2025-05-19,22:55:54,-07:00,2025-05-19T22:55:54-07:00,0,0
global.js,105,js,0da51a61,derrickdollesin,2025-05-19,22:55:54,-07:00,2025-05-19T22:55:54-07:00,2,43
global.js,106,js,0da51a61,derrickdollesin,2025-05-19,22:55:54,-07:00,2025-05-19T22:55:54-07:00,4,57
global.js,107,js,0da51a61,derrickdollesin,2025-05-19,22:55:54,-07:00,2025-05-19T22:55:54-07:00,4,5
global.js,108,js,0da51a61,derrickdollesin,2025-05-19,22:55:54,-07:00,2025-05-19T22:55:54-07:00,2,0
global.js,109,js,0da51a61,derrickdollesin,2025-05-19,22:55:54,-07:00,2025-05-19T22:55:54-07:00,2,0
global.js,110,js,0da51a61,derrickdollesin,2025-05-19,22:55:54,-07:00,2025-05-19T22:55:54-07:00,2,52
global.js,111,js,0da51a61,derrickdollesin,2025-05-19,22:55:54,-07:00,2025-05-19T22:55:54-07:00,2,42
global.js,112,js,0da51a61,derrickdollesin,2025-05-19,22:55:54,-07:00,2025-05-19T22:55:54-07:00,4,72
global.js,113,js,0da51a61,derrickdollesin,2025-05-19,22:55:54,-07:00,2025-05-19T22:55:54-07:00,4,18
global.js,114,js,0da51a61,derrickdollesin,2025-05-19,22:55:54,-07:00,2025-05-19T22:55:54-07:00,2,0
global.js,115,js,0da51a61,derrickdollesin,2025-05-19,22:55:54,-07:00,2025-05-19T22:55:54-07:00,2,0
global.js,116,js,0da51a61,derrickdollesin,2025-05-19,22:55:54,-07:00,2025-05-19T22:55:54-07:00,2,30
global.js,117,js,0da51a61,derrickdollesin,2025-05-19,22:55:54,-07:00,2025-05-19T22:55:54-07:00,2,0
global.js,118,js,0da51a61,derrickdollesin,2025-05-19,22:55:54,-07:00,2025-05-19T22:55:54-07:00,2,31
global.js,119,js,0da51a61,derrickdollesin,2025-05-19,22:55:54,-07:00,2025-05-19T22:55:54-07:00,4,48
global.js,120,js,0da51a61,derrickdollesin,2025-05-19,22:55:54,-07:00,2025-05-19T22:55:54-07:00,2,0
global.js,121,js,0da51a61,derrickdollesin,2025-05-19,22:55:54,-07:00,2025-05-19T22:55:54-07:00,4,19
global.js,122,js,0da51a61,derrickdollesin,2025-05-19,22:55:54,-07:00,2025-05-19T22:55:54-07:00,6,71
global.js,123,js,0da51a61,derrickdollesin,2025-05-19,22:55:54,-07:00,2025-05-19T22:55:54-07:00,6,74
global.js,124,js,0da51a61,derrickdollesin,2025-05-19,22:55:54,-07:00,2025-05-19T22:55:54-07:00,6,58
global.js,125,js,b5bb2fba,derrickdollesin,2025-05-29,00:33:51,-07:00,2025-05-29T00:33:51-07:00,6,30
global.js,126,js,0da51a61,derrickdollesin,2025-05-19,22:55:54,-07:00,2025-05-19T22:55:54-07:00,4,0
global.js,127,js,0da51a61,derrickdollesin,2025-05-19,22:55:54,-07:00,2025-05-19T22:55:54-07:00,2,0
global.js,128,js,0da51a61,derrickdollesin,2025-05-19,22:55:54,-07:00,2025-05-19T22:55:54-07:00,4,36
global.js,129,js,0da51a61,derrickdollesin,2025-05-19,22:55:54,-07:00,2025-05-19T22:55:54-07:00,2,0
global.js,130,js,0da51a61,derrickdollesin,2025-05-19,22:55:54,-07:00,2025-05-19T22:55:54-07:00,0,0
global.js,131,js,0da51a61,derrickdollesin,2025-05-19,22:55:54,-07:00,2025-05-19T22:55:54-07:00,0,0
global.js,132,js,0da51a61,derrickdollesin,2025-05-19,22:55:54,-07:00,2025-05-19T22:55:54-07:00,0,24
global.js,133,js,0da51a61,derrickdollesin,2025-05-19,22:55:54,-07:00,2025-05-19T22:55:54-07:00,0,47
global.js,134,js,0da51a61,derrickdollesin,2025-05-19,22:55:54,-07:00,2025-05-19T22:55:54-07:00,1,59
global.js,135,js,0da51a61,derrickdollesin,2025-05-19,22:55:54,-07:00,2025-05-19T22:55:54-07:00,0,0
resume\index.html,1,html,2045081d,derrickdollesin,2025-05-16,12:25:45,-07:00,2025-05-16T12:25:45-07:00,0,13
resume\index.html,2,html,2045081d,derrickdollesin,2025-05-16,12:25:45,-07:00,2025-05-16T12:25:45-07:00,0,14
resume\index.html,3,html,2045081d,derrickdollesin,2025-05-16,12:25:45,-07:00,2025-05-16T12:25:45-07:00,0,4
resume\index.html,4,html,2045081d,derrickdollesin,2025-05-16,12:25:45,-07:00,2025-05-16T12:25:45-07:00,2,20
resume\index.html,5,html,2045081d,derrickdollesin,2025-05-16,12:25:45,-07:00,2025-05-16T12:25:45-07:00,2,68
resume\index.html,6,html,2045081d,derrickdollesin,2025-05-16,12:25:45,-07:00,2025-05-16T12:25:45-07:00,2,19
resume\index.html,7,html,04ddceda,derrickdollesin,2025-05-16,13:28:56,-07:00,2025-05-16T13:28:56-07:00,2,41
resume\index.html,8,html,2045081d,derrickdollesin,2025-05-16,12:25:45,-07:00,2025-05-16T12:25:45-07:00,0,5
resume\index.html,9,html,2045081d,derrickdollesin,2025-05-16,12:25:45,-07:00,2025-05-16T12:25:45-07:00,0,4
resume\index.html,10,html,2045081d,derrickdollesin,2025-05-16,12:25:45,-07:00,2025-05-16T12:25:45-07:00,0,0
resume\index.html,11,html,2045081d,derrickdollesin,2025-05-16,12:25:45,-07:00,2025-05-16T12:25:45-07:00,2,6
resume\index.html,12,html,2045081d,derrickdollesin,2025-05-16,12:25:45,-07:00,2025-05-16T12:25:45-07:00,4,23
resume\index.html,13,html,2045081d,derrickdollesin,2025-05-16,12:25:45,-07:00,2025-05-16T12:25:45-07:00,4,59
resume\index.html,14,html,2045081d,derrickdollesin,2025-05-16,12:25:45,-07:00,2025-05-16T12:25:45-07:00,2,7
resume\index.html,15,html,2045081d,derrickdollesin,2025-05-16,12:25:45,-07:00,2025-05-16T12:25:45-07:00,0,0
resume\index.html,16,html,2045081d,derrickdollesin,2025-05-16,12:25:45,-07:00,2025-05-16T12:25:45-07:00,2,19
resume\index.html,17,html,2045081d,derrickdollesin,2025-05-16,12:25:45,-07:00,2025-05-16T12:25:45-07:00,4,41
resume\index.html,18,html,2045081d,derrickdollesin,2025-05-16,12:25:45,-07:00,2025-05-16T12:25:45-07:00,4,25
resume\index.html,19,html,2045081d,derrickdollesin,2025-05-16,12:25:45,-07:00,2025-05-16T12:25:45-07:00,0,0
resume\index.html,20,html,2045081d,derrickdollesin,2025-05-16,12:25:45,-07:00,2025-05-16T12:25:45-07:00,4,32
resume\index.html,21,html,2045081d,derrickdollesin,2025-05-16,12:25:45,-07:00,2025-05-16T12:25:45-07:00,6,35
resume\index.html,22,html,2045081d,derrickdollesin,2025-05-16,12:25:45,-07:00,2025-05-16T12:25:45-07:00,6,2
resume\index.html,23,html,b5bb2fba,derrickdollesin,2025-05-29,00:33:51,-07:00,2025-05-29T00:33:51-07:00,8,29
resume\index.html,24,html,b5bb2fba,derrickdollesin,2025-05-29,00:33:51,-07:00,2025-05-29T00:33:51-07:00,8,35
resume\index.html,25,html,2045081d,derrickdollesin,2025-05-16,12:25:45,-07:00,2025-05-16T12:25:45-07:00,8,34
resume\index.html,26,html,2045081d,derrickdollesin,2025-05-16,12:25:45,-07:00,2025-05-16T12:25:45-07:00,6,3
resume\index.html,27,html,2045081d,derrickdollesin,2025-05-16,12:25:45,-07:00,2025-05-16T12:25:45-07:00,4,8
resume\index.html,28,html,2045081d,derrickdollesin,2025-05-16,12:25:45,-07:00,2025-05-16T12:25:45-07:00,2,8
resume\index.html,29,html,2045081d,derrickdollesin,2025-05-16,12:25:45,-07:00,2025-05-16T12:25:45-07:00,0,0
resume\index.html,30,html,2045081d,derrickdollesin,2025-05-16,12:25:45,-07:00,2025-05-16T12:25:45-07:00,2,23
resume\index.html,31,html,2045081d,derrickdollesin,2025-05-16,12:25:45,-07:00,2025-05-16T12:25:45-07:00,4,23
resume\index.html,32,html,2045081d,derrickdollesin,2025-05-16,12:25:45,-07:00,2025-05-16T12:25:45-07:00,0,0
resume\index.html,33,html,2045081d,derrickdollesin,2025-05-16,12:25:45,-07:00,2025-05-16T12:25:45-07:00,4,7
resume\index.html,34,html,2045081d,derrickdollesin,2025-05-16,12:25:45,-07:00,2025-05-16T12:25:45-07:00,6,44
resume\index.html,35,html,2045081d,derrickdollesin,2025-05-16,12:25:45,-07:00,2025-05-16T12:25:45-07:00,6,49
resume\index.html,36,html,2045081d,derrickdollesin,2025-05-16,12:25:45,-07:00,2025-05-16T12:25:45-07:00,6,2
resume\index.html,37,html,04ddceda,derrickdollesin,2025-05-16,13:28:56,-07:00,2025-05-16T13:28:56-07:00,8,53
resume\index.html,38,html,04ddceda,derrickdollesin,2025-05-16,13:28:56,-07:00,2025-05-16T13:28:56-07:00,8,85
resume\index.html,39,html,04ddceda,derrickdollesin,2025-05-16,13:28:56,-07:00,2025-05-16T13:28:56-07:00,8,93
resume\index.html,40,html,2045081d,derrickdollesin,2025-05-16,12:25:45,-07:00,2025-05-16T12:25:45-07:00,6,3
resume\index.html,41,html,2045081d,derrickdollesin,2025-05-16,12:25:45,-07:00,2025-05-16T12:25:45-07:00,4,8
resume\index.html,42,html,2045081d,derrickdollesin,2025-05-16,12:25:45,-07:00,2025-05-16T12:25:45-07:00,0,0
resume\index.html,43,html,2045081d,derrickdollesin,2025-05-16,12:25:45,-07:00,2025-05-16T12:25:45-07:00,4,7
resume\index.html,44,html,2045081d,derrickdollesin,2025-05-16,12:25:45,-07:00,2025-05-16T12:25:45-07:00,6,83
resume\index.html,45,html,2045081d,derrickdollesin,2025-05-16,12:25:45,-07:00,2025-05-16T12:25:45-07:00,6,49
resume\index.html,46,html,2045081d,derrickdollesin,2025-05-16,12:25:45,-07:00,2025-05-16T12:25:45-07:00,6,2
resume\index.html,47,html,04ddceda,derrickdollesin,2025-05-16,13:28:56,-07:00,2025-05-16T13:28:56-07:00,8,99
resume\index.html,48,html,04ddceda,derrickdollesin,2025-05-16,13:28:56,-07:00,2025-05-16T13:28:56-07:00,8,102
resume\index.html,49,html,04ddceda,derrickdollesin,2025-05-16,13:28:56,-07:00,2025-05-16T13:28:56-07:00,8,125
resume\index.html,50,html,2045081d,derrickdollesin,2025-05-16,12:25:45,-07:00,2025-05-16T12:25:45-07:00,6,3
resume\index.html,51,html,2045081d,derrickdollesin,2025-05-16,12:25:45,-07:00,2025-05-16T12:25:45-07:00,4,8
resume\index.html,52,html,2045081d,derrickdollesin,2025-05-16,12:25:45,-07:00,2025-05-16T12:25:45-07:00,0,0
resume\index.html,53,html,2045081d,derrickdollesin,2025-05-16,12:25:45,-07:00,2025-05-16T12:25:45-07:00,4,7
resume\index.html,54,html,2045081d,derrickdollesin,2025-05-16,12:25:45,-07:00,2025-05-16T12:25:45-07:00,6,62
resume\index.html,55,html,2045081d,derrickdollesin,2025-05-16,12:25:45,-07:00,2025-05-16T12:25:45-07:00,6,47
resume\index.html,56,html,2045081d,derrickdollesin,2025-05-16,12:25:45,-07:00,2025-05-16T12:25:45-07:00,6,2
resume\index.html,57,html,04ddceda,derrickdollesin,2025-05-16,13:28:56,-07:00,2025-05-16T13:28:56-07:00,8,59
resume\index.html,58,html,04ddceda,derrickdollesin,2025-05-16,13:28:56,-07:00,2025-05-16T13:28:56-07:00,8,94
resume\index.html,59,html,04ddceda,derrickdollesin,2025-05-16,13:28:56,-07:00,2025-05-16T13:28:56-07:00,8,92
resume\index.html,60,html,2045081d,derrickdollesin,2025-05-16,12:25:45,-07:00,2025-05-16T12:25:45-07:00,6,3
resume\index.html,61,html,2045081d,derrickdollesin,2025-05-16,12:25:45,-07:00,2025-05-16T12:25:45-07:00,4,8
resume\index.html,62,html,2045081d,derrickdollesin,2025-05-16,12:25:45,-07:00,2025-05-16T12:25:45-07:00,2,8
resume\index.html,63,html,2045081d,derrickdollesin,2025-05-16,12:25:45,-07:00,2025-05-16T12:25:45-07:00,0,0
resume\index.html,64,html,2045081d,derrickdollesin,2025-05-16,12:25:45,-07:00,2025-05-16T12:25:45-07:00,2,22
resume\index.html,65,html,2045081d,derrickdollesin,2025-05-16,12:25:45,-07:00,2025-05-16T12:25:45-07:00,4,17
resume\index.html,66,html,2045081d,derrickdollesin,2025-05-16,12:25:45,-07:00,2025-05-16T12:25:45-07:00,4,0
resume\index.html,67,html,2045081d,derrickdollesin,2025-05-16,12:25:45,-07:00,2025-05-16T12:25:45-07:00,4,7
resume\index.html,68,html,2045081d,derrickdollesin,2025-05-16,12:25:45,-07:00,2025-05-16T12:25:45-07:00,6,107
resume\index.html,69,html,2045081d,derrickdollesin,2025-05-16,12:25:45,-07:00,2025-05-16T12:25:45-07:00,6,43
resume\index.html,70,html,2045081d,derrickdollesin,2025-05-16,12:25:45,-07:00,2025-05-16T12:25:45-07:00,6,2
resume\index.html,71,html,04ddceda,derrickdollesin,2025-05-16,13:28:56,-07:00,2025-05-16T13:28:56-07:00,8,125
resume\index.html,72,html,2045081d,derrickdollesin,2025-05-16,12:25:45,-07:00,2025-05-16T12:25:45-07:00,6,3
resume\index.html,73,html,2045081d,derrickdollesin,2025-05-16,12:25:45,-07:00,2025-05-16T12:25:45-07:00,4,8
resume\index.html,74,html,2045081d,derrickdollesin,2025-05-16,12:25:45,-07:00,2025-05-16T12:25:45-07:00,0,0
resume\index.html,75,html,2045081d,derrickdollesin,2025-05-16,12:25:45,-07:00,2025-05-16T12:25:45-07:00,4,7
resume\index.html,76,html,2045081d,derrickdollesin,2025-05-16,12:25:45,-07:00,2025-05-16T12:25:45-07:00,6,47
resume\index.html,77,html,2045081d,derrickdollesin,2025-05-16,12:25:45,-07:00,2025-05-16T12:25:45-07:00,6,50
resume\index.html,78,html,2045081d,derrickdollesin,2025-05-16,12:25:45,-07:00,2025-05-16T12:25:45-07:00,6,2
resume\index.html,79,html,04ddceda,derrickdollesin,2025-05-16,13:28:56,-07:00,2025-05-16T13:28:56-07:00,8,229
resume\index.html,80,html,2045081d,derrickdollesin,2025-05-16,12:25:45,-07:00,2025-05-16T12:25:45-07:00,6,3
resume\index.html,81,html,2045081d,derrickdollesin,2025-05-16,12:25:45,-07:00,2025-05-16T12:25:45-07:00,4,8
resume\index.html,82,html,2045081d,derrickdollesin,2025-05-16,12:25:45,-07:00,2025-05-16T12:25:45-07:00,2,8
resume\index.html,83,html,d7ec75df,derrickdollesin,2025-05-19,13:45:48,-07:00,2025-05-19T13:45:48-07:00,0,0
resume\index.html,84,html,0da51a61,derrickdollesin,2025-05-19,22:55:54,-07:00,2025-05-19T22:55:54-07:00,2,48
resume\index.html,85,html,2045081d,derrickdollesin,2025-05-16,12:25:45,-07:00,2025-05-16T12:25:45-07:00,0,5
resume\index.html,86,html,2045081d,derrickdollesin,2025-05-16,12:25:45,-07:00,2025-05-16T12:25:45-07:00,0,5
projects\projects.js,1,js,0da51a61,derrickdollesin,2025-05-19,22:55:54,-07:00,2025-05-19T22:55:54-07:00,0,55
projects\projects.js,2,js,0da51a61,derrickdollesin,2025-05-19,22:55:54,-07:00,2025-05-19T22:55:54-07:00,0,0
projects\projects.js,3,js,0da51a61,derrickdollesin,2025-05-19,22:55:54,-07:00,2025-05-19T22:55:54-07:00,0,55
projects\projects.js,4,js,0da51a61,derrickdollesin,2025-05-19,22:55:54,-07:00,2025-05-19T22:55:54-07:00,0,60
projects\projects.js,5,js,0da51a61,derrickdollesin,2025-05-19,22:55:54,-07:00,2025-05-19T22:55:54-07:00,0,0
projects\projects.js,6,js,0da51a61,derrickdollesin,2025-05-19,22:55:54,-07:00,2025-05-19T22:55:54-07:00,0,11
projects\projects.js,7,js,0da51a61,derrickdollesin,2025-05-19,22:55:54,-07:00,2025-05-19T22:55:54-07:00,0,61
projects\projects.js,8,js,0da51a61,derrickdollesin,2025-05-19,22:55:54,-07:00,2025-05-19T22:55:54-07:00,0,0
projects\projects.js,9,js,0da51a61,derrickdollesin,2025-05-19,22:55:54,-07:00,2025-05-19T22:55:54-07:00,0,40
projects\projects.js,10,js,0da51a61,derrickdollesin,2025-05-19,22:55:54,-07:00,2025-05-19T22:55:54-07:00,2,55
projects\projects.js,11,js,0da51a61,derrickdollesin,2025-05-19,22:55:54,-07:00,2025-05-19T22:55:54-07:00,0,0
projects\projects.js,12,js,0da51a61,derrickdollesin,2025-05-19,22:55:54,-07:00,2025-05-19T22:55:54-07:00,2,48
projects\projects.js,13,js,0da51a61,derrickdollesin,2025-05-19,22:55:54,-07:00,2025-05-19T22:55:54-07:00,0,6
projects\projects.js,14,js,0da51a61,derrickdollesin,2025-05-19,22:55:54,-07:00,2025-05-19T22:55:54-07:00,2,40
projects\projects.js,15,js,b5bb2fba,derrickdollesin,2025-05-29,00:33:51,-07:00,2025-05-29T00:33:51-07:00,0,0
projects\projects.js,16,js,b5bb2fba,derrickdollesin,2025-05-29,00:33:51,-07:00,2025-05-29T00:33:51-07:00,0,0
projects\projects.js,17,js,b5bb2fba,derrickdollesin,2025-05-29,00:33:51,-07:00,2025-05-29T00:33:51-07:00,0,13
projects\projects.js,18,js,b5bb2fba,derrickdollesin,2025-05-29,00:33:51,-07:00,2025-05-29T00:33:51-07:00,0,63
projects\projects.js,19,js,b5bb2fba,derrickdollesin,2025-05-29,00:33:51,-07:00,2025-05-29T00:33:51-07:00,0,0
projects\projects.js,20,js,b5bb2fba,derrickdollesin,2025-05-29,00:33:51,-07:00,2025-05-29T00:33:51-07:00,0,26
projects\projects.js,21,js,b5bb2fba,derrickdollesin,2025-05-29,00:33:51,-07:00,2025-05-29T00:33:51-07:00,1,7
projects\projects.js,22,js,b5bb2fba,derrickdollesin,2025-05-29,00:33:51,-07:00,2025-05-29T00:33:51-07:00,1,14
projects\projects.js,23,js,b5bb2fba,derrickdollesin,2025-05-29,00:33:51,-07:00,2025-05-29T00:33:51-07:00,1,12
projects\projects.js,24,js,b5bb2fba,derrickdollesin,2025-05-29,00:33:51,-07:00,2025-05-29T00:33:51-07:00,0,0
projects\projects.js,25,js,b5bb2fba,derrickdollesin,2025-05-29,00:33:51,-07:00,2025-05-29T00:33:51-07:00,0,0
projects\projects.js,26,js,b5bb2fba,derrickdollesin,2025-05-29,00:33:51,-07:00,2025-05-29T00:33:51-07:00,0,57
projects\projects.js,27,js,b5bb2fba,derrickdollesin,2025-05-29,00:33:51,-07:00,2025-05-29T00:33:51-07:00,0,44
projects\projects.js,28,js,b5bb2fba,derrickdollesin,2025-05-29,00:33:51,-07:00,2025-05-29T00:33:51-07:00,1,35
projects\projects.js,29,js,b5bb2fba,derrickdollesin,2025-05-29,00:33:51,-07:00,2025-05-29T00:33:51-07:00,0,1
projects\projects.js,30,js,b5bb2fba,derrickdollesin,2025-05-29,00:33:51,-07:00,2025-05-29T00:33:51-07:00,0,50
projects\projects.js,31,js,b5bb2fba,derrickdollesin,2025-05-29,00:33:51,-07:00,2025-05-29T00:33:51-07:00,0,33
projects\projects.js,32,js,b5bb2fba,derrickdollesin,2025-05-29,00:33:51,-07:00,2025-05-29T00:33:51-07:00,0,45
projects\projects.js,33,js,b5bb2fba,derrickdollesin,2025-05-29,00:33:51,-07:00,2025-05-29T00:33:51-07:00,0,47
projects\projects.js,34,js,b5bb2fba,derrickdollesin,2025-05-29,00:33:51,-07:00,2025-05-29T00:33:51-07:00,0,0
projects\projects.js,35,js,b5bb2fba,derrickdollesin,2025-05-29,00:33:51,-07:00,2025-05-29T00:33:51-07:00,0,26
projects\projects.js,36,js,b5bb2fba,derrickdollesin,2025-05-29,00:33:51,-07:00,2025-05-29T00:33:51-07:00,2,14
projects\projects.js,37,js,b5bb2fba,derrickdollesin,2025-05-29,00:33:51,-07:00,2025-05-29T00:33:51-07:00,3,13
projects\projects.js,38,js,b5bb2fba,derrickdollesin,2025-05-29,00:33:51,-07:00,2025-05-29T00:33:51-07:00,3,13
projects\projects.js,39,js,b5bb2fba,derrickdollesin,2025-05-29,00:33:51,-07:00,2025-05-29T00:33:51-07:00,3,97
projects\projects.js,40,js,b5bb2fba,derrickdollesin,2025-05-29,00:33:51,-07:00,2025-05-29T00:33:51-07:00,0,0
projects\projects.js,41,js,b5bb2fba,derrickdollesin,2025-05-29,00:33:51,-07:00,2025-05-29T00:33:51-07:00,0,0
projects\projects.js,42,js,b5bb2fba,derrickdollesin,2025-05-29,00:33:51,-07:00,2025-05-29T00:33:51-07:00,0,10
projects\projects.js,43,js,b5bb2fba,derrickdollesin,2025-05-29,00:33:51,-07:00,2025-05-29T00:33:51-07:00,0,32
projects\projects.js,44,js,b5bb2fba,derrickdollesin,2025-05-29,00:33:51,-07:00,2025-05-29T00:33:51-07:00,0,24
projects\projects.js,45,js,b5bb2fba,derrickdollesin,2025-05-29,00:33:51,-07:00,2025-05-29T00:33:51-07:00,2,17
projects\projects.js,46,js,b5bb2fba,derrickdollesin,2025-05-29,00:33:51,-07:00,2025-05-29T00:33:51-07:00,5,74
projects\projects.js,47,js,b5bb2fba,derrickdollesin,2025-05-29,00:33:51,-07:00,2025-05-29T00:33:51-07:00,5,72
projects\projects.js,48,js,b5bb2fba,derrickdollesin,2025-05-29,00:33:51,-07:00,2025-05-29T00:33:51-07:00,5,69
projects\projects.js,49,js,b5bb2fba,derrickdollesin,2025-05-29,00:33:51,-07:00,2025-05-29T00:33:51-07:00,0,1
projects\projects.js,50,js,b5bb2fba,derrickdollesin,2025-05-29,00:33:51,-07:00,2025-05-29T00:33:51-07:00,0,0
projects\projects.js,51,js,b5bb2fba,derrickdollesin,2025-05-29,00:33:51,-07:00,2025-05-29T00:33:51-07:00,0,17
projects\projects.js,52,js,b5bb2fba,derrickdollesin,2025-05-29,00:33:51,-07:00,2025-05-29T00:33:51-07:00,0,13
projects\projects.js,53,js,b5bb2fba,derrickdollesin,2025-05-29,00:33:51,-07:00,2025-05-29T00:33:51-07:00,0,53
projects\projects.js,54,js,b5bb2fba,derrickdollesin,2025-05-29,00:33:51,-07:00,2025-05-29T00:33:51-07:00,0,0
projects\projects.js,55,js,b5bb2fba,derrickdollesin,2025-05-29,00:33:51,-07:00,2025-05-29T00:33:51-07:00,0,40
projects\projects.js,56,js,b5bb2fba,derrickdollesin,2025-05-29,00:33:51,-07:00,2025-05-29T00:33:51-07:00,0,38
projects\projects.js,57,js,b5bb2fba,derrickdollesin,2025-05-29,00:33:51,-07:00,2025-05-29T00:33:51-07:00,1,25
projects\projects.js,58,js,b5bb2fba,derrickdollesin,2025-05-29,00:33:51,-07:00,2025-05-29T00:33:51-07:00,1,29
projects\projects.js,59,js,b5bb2fba,derrickdollesin,2025-05-29,00:33:51,-07:00,2025-05-29T00:33:51-07:00,2,12
projects\projects.js,60,js,b5bb2fba,derrickdollesin,2025-05-29,00:33:51,-07:00,2025-05-29T00:33:51-07:00,2,14
projects\projects.js,61,js,b5bb2fba,derrickdollesin,2025-05-29,00:33:51,-07:00,2025-05-29T00:33:51-07:00,2,12
projects\projects.js,62,js,b5bb2fba,derrickdollesin,2025-05-29,00:33:51,-07:00,2025-05-29T00:33:51-07:00,1,0
projects\projects.js,63,js,b5bb2fba,derrickdollesin,2025-05-29,00:33:51,-07:00,2025-05-29T00:33:51-07:00,0,0
projects\projects.js,64,js,b5bb2fba,derrickdollesin,2025-05-29,00:33:51,-07:00,2025-05-29T00:33:51-07:00,1,18
projects\projects.js,65,js,b5bb2fba,derrickdollesin,2025-05-29,00:33:51,-07:00,2025-05-29T00:33:51-07:00,1,50
projects\projects.js,66,js,b5bb2fba,derrickdollesin,2025-05-29,00:33:51,-07:00,2025-05-29T00:33:51-07:00,2,43
projects\projects.js,67,js,b5bb2fba,derrickdollesin,2025-05-29,00:33:51,-07:00,2025-05-29T00:33:51-07:00,1,1
projects\projects.js,68,js,b5bb2fba,derrickdollesin,2025-05-29,00:33:51,-07:00,2025-05-29T00:33:51-07:00,0,0
projects\projects.js,69,js,b5bb2fba,derrickdollesin,2025-05-29,00:33:51,-07:00,2025-05-29T00:33:51-07:00,1,50
projects\projects.js,70,js,b5bb2fba,derrickdollesin,2025-05-29,00:33:51,-07:00,2025-05-29T00:33:51-07:00,1,53
projects\projects.js,71,js,b5bb2fba,derrickdollesin,2025-05-29,00:33:51,-07:00,2025-05-29T00:33:51-07:00,1,42
projects\projects.js,72,js,b5bb2fba,derrickdollesin,2025-05-29,00:33:51,-07:00,2025-05-29T00:33:51-07:00,1,51
projects\projects.js,73,js,b5bb2fba,derrickdollesin,2025-05-29,00:33:51,-07:00,2025-05-29T00:33:51-07:00,0,0
projects\projects.js,74,js,b5bb2fba,derrickdollesin,2025-05-29,00:33:51,-07:00,2025-05-29T00:33:51-07:00,1,33
projects\projects.js,75,js,b5bb2fba,derrickdollesin,2025-05-29,00:33:51,-07:00,2025-05-29T00:33:51-07:00,1,28
projects\projects.js,76,js,b5bb2fba,derrickdollesin,2025-05-29,00:33:51,-07:00,2025-05-29T00:33:51-07:00,1,32
projects\projects.js,77,js,b5bb2fba,derrickdollesin,2025-05-29,00:33:51,-07:00,2025-05-29T00:33:51-07:00,1,32
projects\projects.js,78,js,b5bb2fba,derrickdollesin,2025-05-29,00:33:51,-07:00,2025-05-29T00:33:51-07:00,1,30
projects\projects.js,79,js,b5bb2fba,derrickdollesin,2025-05-29,00:33:51,-07:00,2025-05-29T00:33:51-07:00,0,0
projects\projects.js,80,js,b5bb2fba,derrickdollesin,2025-05-29,00:33:51,-07:00,2025-05-29T00:33:51-07:00,1,53
projects\projects.js,81,js,b5bb2fba,derrickdollesin,2025-05-29,00:33:51,-07:00,2025-05-29T00:33:51-07:00,1,29
projects\projects.js,82,js,b5bb2fba,derrickdollesin,2025-05-29,00:33:51,-07:00,2025-05-29T00:33:51-07:00,2,19
projects\projects.js,83,js,b5bb2fba,derrickdollesin,2025-05-29,00:33:51,-07:00,2025-05-29T00:33:51-07:00,3,13
projects\projects.js,84,js,b5bb2fba,derrickdollesin,2025-05-29,00:33:51,-07:00,2025-05-29T00:33:51-07:00,3,24
projects\projects.js,85,js,b5bb2fba,derrickdollesin,2025-05-29,00:33:51,-07:00,2025-05-29T00:33:51-07:00,3,18
projects\projects.js,86,js,b5bb2fba,derrickdollesin,2025-05-29,00:33:51,-07:00,2025-05-29T00:33:51-07:00,4,47
projects\projects.js,87,js,b5bb2fba,derrickdollesin,2025-05-29,00:33:51,-07:00,2025-05-29T00:33:51-07:00,0,0
projects\projects.js,88,js,b5bb2fba,derrickdollesin,2025-05-29,00:33:51,-07:00,2025-05-29T00:33:51-07:00,4,22
projects\projects.js,89,js,b5bb2fba,derrickdollesin,2025-05-29,00:33:51,-07:00,2025-05-29T00:33:51-07:00,5,24
projects\projects.js,90,js,b5bb2fba,derrickdollesin,2025-05-29,00:33:51,-07:00,2025-05-29T00:33:51-07:00,6,37
projects\projects.js,91,js,b5bb2fba,derrickdollesin,2025-05-29,00:33:51,-07:00,2025-05-29T00:33:51-07:00,5,1
projects\projects.js,92,js,b5bb2fba,derrickdollesin,2025-05-29,00:33:51,-07:00,2025-05-29T00:33:51-07:00,0,0
projects\projects.js,93,js,b5bb2fba,derrickdollesin,2025-05-29,00:33:51,-07:00,2025-05-29T00:33:51-07:00,4,20
projects\projects.js,94,js,b5bb2fba,derrickdollesin,2025-05-29,00:33:51,-07:00,2025-05-29T00:33:51-07:00,5,24
projects\projects.js,95,js,b5bb2fba,derrickdollesin,2025-05-29,00:33:51,-07:00,2025-05-29T00:33:51-07:00,6,58
projects\projects.js,96,js,b5bb2fba,derrickdollesin,2025-05-29,00:33:51,-07:00,2025-05-29T00:33:51-07:00,5,1
projects\projects.js,97,js,b5bb2fba,derrickdollesin,2025-05-29,00:33:51,-07:00,2025-05-29T00:33:51-07:00,0,0
projects\projects.js,98,js,b5bb2fba,derrickdollesin,2025-05-29,00:33:51,-07:00,2025-05-29T00:33:51-07:00,4,17
projects\projects.js,99,js,b5bb2fba,derrickdollesin,2025-05-29,00:33:51,-07:00,2025-05-29T00:33:51-07:00,4,43
projects\projects.js,100,js,b5bb2fba,derrickdollesin,2025-05-29,00:33:51,-07:00,2025-05-29T00:33:51-07:00,4,56
projects\projects.js,101,js,b5bb2fba,derrickdollesin,2025-05-29,00:33:51,-07:00,2025-05-29T00:33:51-07:00,4,31
projects\projects.js,102,js,b5bb2fba,derrickdollesin,2025-05-29,00:33:51,-07:00,2025-05-29T00:33:51-07:00,3,1
projects\projects.js,103,js,b5bb2fba,derrickdollesin,2025-05-29,00:33:51,-07:00,2025-05-29T00:33:51-07:00,1,1
projects\projects.js,104,js,b5bb2fba,derrickdollesin,2025-05-29,00:33:51,-07:00,2025-05-29T00:33:51-07:00,1,0
projects\projects.js,105,js,b5bb2fba,derrickdollesin,2025-05-29,00:33:51,-07:00,2025-05-29T00:33:51-07:00,1,27
projects\projects.js,106,js,b5bb2fba,derrickdollesin,2025-05-29,00:33:51,-07:00,2025-05-29T00:33:51-07:00,2,17
projects\projects.js,107,js,b5bb2fba,derrickdollesin,2025-05-29,00:33:51,-07:00,2025-05-29T00:33:51-07:00,5,39
projects\projects.js,108,js,b5bb2fba,derrickdollesin,2025-05-29,00:33:51,-07:00,2025-05-29T00:33:51-07:00,5,27
projects\projects.js,109,js,b5bb2fba,derrickdollesin,2025-05-29,00:33:51,-07:00,2025-05-29T00:33:51-07:00,5,69
projects\projects.js,110,js,b5bb2fba,derrickdollesin,2025-05-29,00:33:51,-07:00,2025-05-29T00:33:51-07:00,1,1
projects\projects.js,111,js,b5bb2fba,derrickdollesin,2025-05-29,00:33:51,-07:00,2025-05-29T00:33:51-07:00,0,0
projects\projects.js,112,js,b5bb2fba,derrickdollesin,2025-05-29,00:33:51,-07:00,2025-05-29T00:33:51-07:00,0,0
projects\projects.js,113,js,b5bb2fba,derrickdollesin,2025-05-29,00:33:51,-07:00,2025-05-29T00:33:51-07:00,0,32
projects\projects.js,114,js,b5bb2fba,derrickdollesin,2025-05-29,00:33:51,-07:00,2025-05-29T00:33:51-07:00,0,23
projects\projects.js,115,js,b5bb2fba,derrickdollesin,2025-05-29,00:33:51,-07:00,2025-05-29T00:33:51-07:00,0,0
projects\projects.js,116,js,b5bb2fba,derrickdollesin,2025-05-29,00:33:51,-07:00,2025-05-29T00:33:51-07:00,0,48
projects\projects.js,117,js,b5bb2fba,derrickdollesin,2025-05-29,00:33:51,-07:00,2025-05-29T00:33:51-07:00,1,39
projects\projects.js,118,js,b5bb2fba,derrickdollesin,2025-05-29,00:33:51,-07:00,2025-05-29T00:33:51-07:00,1,43
projects\projects.js,119,js,b5bb2fba,derrickdollesin,2025-05-29,00:33:51,-07:00,2025-05-29T00:33:51-07:00,1,56
projects\projects.js,120,js,b5bb2fba,derrickdollesin,2025-05-29,00:33:51,-07:00,2025-05-29T00:33:51-07:00,1,31
projects\projects.js,121,js,b5bb2fba,derrickdollesin,2025-05-29,00:33:51,-07:00,2025-05-29T00:33:51-07:00,0,1
projects\projects.js,122,js,b5bb2fba,derrickdollesin,2025-05-29,00:33:51,-07:00,2025-05-29T00:33:51-07:00,0,0
projects\projects.js,123,js,b5bb2fba,derrickdollesin,2025-05-29,00:33:51,-07:00,2025-05-29T00:33:51-07:00,0,30
projects\projects.js,124,js,b5bb2fba,derrickdollesin,2025-05-29,00:33:51,-07:00,2025-05-29T00:33:51-07:00,1,35
projects\projects.js,125,js,b5bb2fba,derrickdollesin,2025-05-29,00:33:51,-07:00,2025-05-29T00:33:51-07:00,2,59
projects\projects.js,126,js,b5bb2fba,derrickdollesin,2025-05-29,00:33:51,-07:00,2025-05-29T00:33:51-07:00,2,40
projects\projects.js,127,js,b5bb2fba,derrickdollesin,2025-05-29,00:33:51,-07:00,2025-05-29T00:33:51-07:00,2,83
projects\projects.js,128,js,b5bb2fba,derrickdollesin,2025-05-29,00:33:51,-07:00,2025-05-29T00:33:51-07:00,2,33
projects\projects.js,129,js,b5bb2fba,derrickdollesin,2025-05-29,00:33:51,-07:00,2025-05-29T00:33:51-07:00,1,1
projects\projects.js,130,js,b5bb2fba,derrickdollesin,2025-05-29,00:33:51,-07:00,2025-05-29T00:33:51-07:00,0,0
projects\projects.js,131,js,b5bb2fba,derrickdollesin,2025-05-29,00:33:51,-07:00,2025-05-29T00:33:51-07:00,0,0
projects\projects.js,132,js,b5bb2fba,derrickdollesin,2025-05-29,00:33:51,-07:00,2025-05-29T00:33:51-07:00,0,21
projects\projects.js,133,js,b5bb2fba,derrickdollesin,2025-05-29,00:33:51,-07:00,2025-05-29T00:33:51-07:00,0,25
projects\projects.js,134,js,b5bb2fba,derrickdollesin,2025-05-29,00:33:51,-07:00,2025-05-29T00:33:51-07:00,0,29
projects\projects.js,135,js,b5bb2fba,derrickdollesin,2025-05-29,00:33:51,-07:00,2025-05-29T00:33:51-07:00,0,24
projects\projects.js,136,js,b5bb2fba,derrickdollesin,2025-05-29,00:33:51,-07:00,2025-05-29T00:33:51-07:00,1,1
projects\projects.js,137,js,b5bb2fba,derrickdollesin,2025-05-29,00:33:51,-07:00,2025-05-29T00:33:51-07:00,2,13
projects\projects.js,138,js,b5bb2fba,derrickdollesin,2025-05-29,00:33:51,-07:00,2025-05-29T00:33:51-07:00,2,13
projects\projects.js,139,js,b5bb2fba,derrickdollesin,2025-05-29,00:33:51,-07:00,2025-05-29T00:33:51-07:00,2,22
projects\projects.js,140,js,b5bb2fba,derrickdollesin,2025-05-29,00:33:51,-07:00,2025-05-29T00:33:51-07:00,2,18
projects\projects.js,141,js,b5bb2fba,derrickdollesin,2025-05-29,00:33:51,-07:00,2025-05-29T00:33:51-07:00,3,43
projects\projects.js,142,js,b5bb2fba,derrickdollesin,2025-05-29,00:33:51,-07:00,2025-05-29T00:33:51-07:00,0,0
projects\projects.js,143,js,b5bb2fba,derrickdollesin,2025-05-29,00:33:51,-07:00,2025-05-29T00:33:51-07:00,3,1
projects\projects.js,144,js,b5bb2fba,derrickdollesin,2025-05-29,00:33:51,-07:00,2025-05-29T00:33:51-07:00,4,16
projects\projects.js,145,js,b5bb2fba,derrickdollesin,2025-05-29,00:33:51,-07:00,2025-05-29T00:33:51-07:00,4,26
projects\projects.js,146,js,b5bb2fba,derrickdollesin,2025-05-29,00:33:51,-07:00,2025-05-29T00:33:51-07:00,5,39
projects\projects.js,147,js,b5bb2fba,derrickdollesin,2025-05-29,00:33:51,-07:00,2025-05-29T00:33:51-07:00,4,1
projects\projects.js,148,js,b5bb2fba,derrickdollesin,2025-05-29,00:33:51,-07:00,2025-05-29T00:33:51-07:00,0,0
projects\projects.js,149,js,b5bb2fba,derrickdollesin,2025-05-29,00:33:51,-07:00,2025-05-29T00:33:51-07:00,3,4
projects\projects.js,150,js,b5bb2fba,derrickdollesin,2025-05-29,00:33:51,-07:00,2025-05-29T00:33:51-07:00,4,14
projects\projects.js,151,js,b5bb2fba,derrickdollesin,2025-05-29,00:33:51,-07:00,2025-05-29T00:33:51-07:00,4,26
projects\projects.js,152,js,b5bb2fba,derrickdollesin,2025-05-29,00:33:51,-07:00,2025-05-29T00:33:51-07:00,5,60
projects\projects.js,153,js,b5bb2fba,derrickdollesin,2025-05-29,00:33:51,-07:00,2025-05-29T00:33:51-07:00,4,1
projects\projects.js,154,js,b5bb2fba,derrickdollesin,2025-05-29,00:33:51,-07:00,2025-05-29T00:33:51-07:00,0,0
projects\projects.js,155,js,b5bb2fba,derrickdollesin,2025-05-29,00:33:51,-07:00,2025-05-29T00:33:51-07:00,3,43
projects\projects.js,156,js,b5bb2fba,derrickdollesin,2025-05-29,00:33:51,-07:00,2025-05-29T00:33:51-07:00,3,56
projects\projects.js,157,js,b5bb2fba,derrickdollesin,2025-05-29,00:33:51,-07:00,2025-05-29T00:33:51-07:00,3,31
projects\projects.js,158,js,b5bb2fba,derrickdollesin,2025-05-29,00:33:51,-07:00,2025-05-29T00:33:51-07:00,2,1
projects\projects.js,159,js,b5bb2fba,derrickdollesin,2025-05-29,00:33:51,-07:00,2025-05-29T00:33:51-07:00,0,1
projects\projects.js,160,js,b5bb2fba,derrickdollesin,2025-05-29,00:33:51,-07:00,2025-05-29T00:33:51-07:00,0,0
projects\projects.js,161,js,b5bb2fba,derrickdollesin,2025-05-29,00:33:51,-07:00,2025-05-29T00:33:51-07:00,0,71
projects\projects.js,162,js,b5bb2fba,derrickdollesin,2025-05-29,00:33:51,-07:00,2025-05-29T00:33:51-07:00,1,17
projects\projects.js,163,js,b5bb2fba,derrickdollesin,2025-05-29,00:33:51,-07:00,2025-05-29T00:33:51-07:00,1,9
projects\projects.js,164,js,b5bb2fba,derrickdollesin,2025-05-29,00:33:51,-07:00,2025-05-29T00:33:51-07:00,1,21
projects\projects.js,165,js,b5bb2fba,derrickdollesin,2025-05-29,00:33:51,-07:00,2025-05-29T00:33:51-07:00,1,43
projects\projects.js,166,js,b5bb2fba,derrickdollesin,2025-05-29,00:33:51,-07:00,2025-05-29T00:33:51-07:00,1,56
projects\projects.js,167,js,b5bb2fba,derrickdollesin,2025-05-29,00:33:51,-07:00,2025-05-29T00:33:51-07:00,1,31
projects\projects.js,168,js,b5bb2fba,derrickdollesin,2025-05-29,00:33:51,-07:00,2025-05-29T00:33:51-07:00,0,1
projects\index.html,1,html,2045081d,derrickdollesin,2025-05-16,12:25:45,-07:00,2025-05-16T12:25:45-07:00,0,13
projects\index.html,2,html,2045081d,derrickdollesin,2025-05-16,12:25:45,-07:00,2025-05-16T12:25:45-07:00,0,14
projects\index.html,3,html,2045081d,derrickdollesin,2025-05-16,12:25:45,-07:00,2025-05-16T12:25:45-07:00,0,4
projects\index.html,4,html,2045081d,derrickdollesin,2025-05-16,12:25:45,-07:00,2025-05-16T12:25:45-07:00,2,20
projects\index.html,5,html,2045081d,derrickdollesin,2025-05-16,12:25:45,-07:00,2025-05-16T12:25:45-07:00,2,68
projects\index.html,6,html,2045081d,derrickdollesin,2025-05-16,12:25:45,-07:00,2025-05-16T12:25:45-07:00,2,25
projects\index.html,7,html,04ddceda,derrickdollesin,2025-05-16,13:28:56,-07:00,2025-05-16T13:28:56-07:00,2,41
projects\index.html,8,html,b5bb2fba,derrickdollesin,2025-05-29,00:33:51,-07:00,2025-05-29T00:33:51-07:00,2,51
projects\index.html,9,html,2045081d,derrickdollesin,2025-05-16,12:25:45,-07:00,2025-05-16T12:25:45-07:00,0,5
projects\index.html,10,html,2045081d,derrickdollesin,2025-05-16,12:25:45,-07:00,2025-05-16T12:25:45-07:00,0,4
projects\index.html,11,html,0da51a61,derrickdollesin,2025-05-19,22:55:54,-07:00,2025-05-19T22:55:54-07:00,2,38
projects\index.html,12,html,04ddceda,derrickdollesin,2025-05-16,13:28:56,-07:00,2025-05-16T13:28:56-07:00,0,0
projects\index.html,13,html,b5bb2fba,derrickdollesin,2025-05-29,00:33:51,-07:00,2025-05-29T00:33:51-07:00,2,21
projects\index.html,14,html,b5bb2fba,derrickdollesin,2025-05-29,00:33:51,-07:00,2025-05-29T00:33:51-07:00,4,52
projects\index.html,15,html,b5bb2fba,derrickdollesin,2025-05-29,00:33:51,-07:00,2025-05-29T00:33:51-07:00,6,10
projects\index.html,16,html,b5bb2fba,derrickdollesin,2025-05-29,00:33:51,-07:00,2025-05-29T00:33:51-07:00,4,4
projects\index.html,17,html,b5bb2fba,derrickdollesin,2025-05-29,00:33:51,-07:00,2025-05-29T00:33:51-07:00,4,17
projects\index.html,18,html,b5bb2fba,derrickdollesin,2025-05-29,00:33:51,-07:00,2025-05-29T00:33:51-07:00,6,10
projects\index.html,19,html,b5bb2fba,derrickdollesin,2025-05-29,00:33:51,-07:00,2025-05-29T00:33:51-07:00,4,3
projects\index.html,20,html,b5bb2fba,derrickdollesin,2025-05-29,00:33:51,-07:00,2025-05-29T00:33:51-07:00,2,4
projects\index.html,21,html,b5bb2fba,derrickdollesin,2025-05-29,00:33:51,-07:00,2025-05-29T00:33:51-07:00,2,4
projects\index.html,22,html,b5bb2fba,derrickdollesin,2025-05-29,00:33:51,-07:00,2025-05-29T00:33:51-07:00,4,15
projects\index.html,23,html,b5bb2fba,derrickdollesin,2025-05-29,00:33:51,-07:00,2025-05-29T00:33:51-07:00,4,11
projects\index.html,24,html,b5bb2fba,derrickdollesin,2025-05-29,00:33:51,-07:00,2025-05-29T00:33:51-07:00,4,26
projects\index.html,25,html,b5bb2fba,derrickdollesin,2025-05-29,00:33:51,-07:00,2025-05-29T00:33:51-07:00,4,31
projects\index.html,26,html,b5bb2fba,derrickdollesin,2025-05-29,00:33:51,-07:00,2025-05-29T00:33:51-07:00,2,0
projects\index.html,27,html,b5bb2fba,derrickdollesin,2025-05-29,00:33:51,-07:00,2025-05-29T00:33:51-07:00,2,46
projects\index.html,28,html,b5bb2fba,derrickdollesin,2025-05-29,00:33:51,-07:00,2025-05-29T00:33:51-07:00,0,0
projects\index.html,29,html,0da51a61,derrickdollesin,2025-05-19,22:55:54,-07:00,2025-05-19T22:55:54-07:00,2,26
projects\index.html,30,html,d7ec75df,derrickdollesin,2025-05-19,13:45:48,-07:00,2025-05-19T13:45:48-07:00,0,0
projects\index.html,31,html,0da51a61,derrickdollesin,2025-05-19,22:55:54,-07:00,2025-05-19T22:55:54-07:00,2,48
projects\index.html,32,html,0da51a61,derrickdollesin,2025-05-19,22:55:54,-07:00,2025-05-19T22:55:54-07:00,2,47
projects\index.html,33,html,2045081d,derrickdollesin,2025-05-16,12:25:45,-07:00,2025-05-16T12:25:45-07:00,0,5
projects\index.html,34,html,2045081d,derrickdollesin,2025-05-16,12:25:45,-07:00,2025-05-16T12:25:45-07:00,0,5
contact\index.html,1,html,2045081d,derrickdollesin,2025-05-16,12:25:45,-07:00,2025-05-16T12:25:45-07:00,0,13
contact\index.html,2,html,2045081d,derrickdollesin,2025-05-16,12:25:45,-07:00,2025-05-16T12:25:45-07:00,0,14
contact\index.html,3,html,2045081d,derrickdollesin,2025-05-16,12:25:45,-07:00,2025-05-16T12:25:45-07:00,0,4
contact\index.html,4,html,2045081d,derrickdollesin,2025-05-16,12:25:45,-07:00,2025-05-16T12:25:45-07:00,2,20
contact\index.html,5,html,2045081d,derrickdollesin,2025-05-16,12:25:45,-07:00,2025-05-16T12:25:45-07:00,2,68
contact\index.html,6,html,2045081d,derrickdollesin,2025-05-16,12:25:45,-07:00,2025-05-16T12:25:45-07:00,2,25
contact\index.html,7,html,04ddceda,derrickdollesin,2025-05-16,13:28:56,-07:00,2025-05-16T13:28:56-07:00,2,41
contact\index.html,8,html,2045081d,derrickdollesin,2025-05-16,12:25:45,-07:00,2025-05-16T12:25:45-07:00,0,5
contact\index.html,9,html,2045081d,derrickdollesin,2025-05-16,12:25:45,-07:00,2025-05-16T12:25:45-07:00,0,4
contact\index.html,10,html,2045081d,derrickdollesin,2025-05-16,12:25:45,-07:00,2025-05-16T12:25:45-07:00,0,0
contact\index.html,11,html,2045081d,derrickdollesin,2025-05-16,12:25:45,-07:00,2025-05-16T12:25:45-07:00,2,14
contact\index.html,12,html,2045081d,derrickdollesin,2025-05-16,12:25:45,-07:00,2025-05-16T12:25:45-07:00,0,0
contact\index.html,13,html,d7ec75df,derrickdollesin,2025-05-19,13:45:48,-07:00,2025-05-19T13:45:48-07:00,2,59
contact\index.html,14,html,2045081d,derrickdollesin,2025-05-16,12:25:45,-07:00,2025-05-16T12:25:45-07:00,4,5
contact\index.html,15,html,2045081d,derrickdollesin,2025-05-16,12:25:45,-07:00,2025-05-16T12:25:45-07:00,6,37
contact\index.html,16,html,2045081d,derrickdollesin,2025-05-16,12:25:45,-07:00,2025-05-16T12:25:45-07:00,4,6
contact\index.html,17,html,2045081d,derrickdollesin,2025-05-16,12:25:45,-07:00,2025-05-16T12:25:45-07:00,4,5
contact\index.html,18,html,2045081d,derrickdollesin,2025-05-16,12:25:45,-07:00,2025-05-16T12:25:45-07:00,6,28
contact\index.html,19,html,2045081d,derrickdollesin,2025-05-16,12:25:45,-07:00,2025-05-16T12:25:45-07:00,4,6
contact\index.html,20,html,2045081d,derrickdollesin,2025-05-16,12:25:45,-07:00,2025-05-16T12:25:45-07:00,4,5
contact\index.html,21,html,d7ec75df,derrickdollesin,2025-05-19,13:45:48,-07:00,2025-05-19T13:45:48-07:00,6,36
contact\index.html,22,html,2045081d,derrickdollesin,2025-05-16,12:25:45,-07:00,2025-05-16T12:25:45-07:00,4,6
contact\index.html,23,html,04ddceda,derrickdollesin,2025-05-16,13:28:56,-07:00,2025-05-16T13:28:56-07:00,4,33
contact\index.html,24,html,d7ec75df,derrickdollesin,2025-05-19,13:45:48,-07:00,2025-05-19T13:45:48-07:00,0,0
contact\index.html,25,html,0da51a61,derrickdollesin,2025-05-19,22:55:54,-07:00,2025-05-19T22:55:54-07:00,4,48
contact\index.html,26,html,2045081d,derrickdollesin,2025-05-16,12:25:45,-07:00,2025-05-16T12:25:45-07:00,2,5
contact\index.html,27,html,2045081d,derrickdollesin,2025-05-16,12:25:45,-07:00,2025-05-16T12:25:45-07:00,0,5
contact\index.html,28,html,2045081d,derrickdollesin,2025-05-16,12:25:45,-07:00,2025-05-16T12:25:45-07:00,0,5
